Name,SMILES,InChI,InChIKey,Source,FooDB ID,DNMT1,DNMT3a,DNMT3b,HAT/Ep300,HAT2B/Ep300,HAT3B/p300,EZH2,PRMT1,HDAC1,HDAC2,HDAC3,HDAC4,HDAC5,HDAC6,HDAC7,HDAC8,HDAC9,HDAC10,HDAC11,SIRT1,SIRT2,SIRT3,SIRT4,SIRT5,SIRT6,SIRT7,LSD1,KDM1A,KDM1B,KDM2A,KDM2B,KDM3A,KDM3B,KDM4A,KDM4B,KDM4C,KDM4D,KDM5A,KDM5B,KDM5C,KDM5D,KDM6A,KDM6B,KDM7A,KDM8,BET/BRD4,Unknown epigenetic target DNMT,Unknown epigenetic target HAT,Unknown epigenetic target HDAC,Unknown epigenetic target,Total Targets,COCONUT ID,DOI
"3,3â€²-Diindolylmethane (DIM)",C1=CC=C2C(=C1)C(=CN2)CC3=CNC4=CC=CC=C43,"InChI=1S/C17H14N2/c1-3-7-16-14(5-1)12(10-18-16)9-13-11-19-17-8-4-2-6-15(13)17/h1-8,10-11,18-19H,9H2",VFTRKSBEFQDZKX-UHFFFAOYSA-N,"Cruciferous vegetables (broccoli, cauliflower, cabbage)",Not in database,0,0,0,0,0,0,0,0,0,0,0,0,0,0,0,0,0,0,0,0,0,0,0,0,0,0,0,0,0,0,0,0,0,0,0,0,0,0,0,0,0,0,0,0,0,0,1,0,0,0,1,Not in database,10.3390/nu13113714
Abscisic Acid,CC(/C=C/C1(O)C(=CC(=O)CC1(C)C)C)=C\C(O)=O,"InChI=1S/C15H20O4/c1-10(7-13(17)18)5-6-15(19)11(2)8-12(16)9-14(15,3)4/h5-8,19H,9H2,1-4H3,(H,17,18)/b6-5+,10-7+",JLIDBLDQVAYHNE-WEYXYWBQSA-N,"Figs, dates",FDB014933,0,0,0,0,0,0,0,0,0,0,0,0,0,0,0,0,0,0,0,0,0,0,0,0,0,0,0,0,0,0,0,0,0,0,0,0,0,0,0,0,0,0,0,0,0,0,0,0,0,1,1,CNP0348313,"10.3390/ijms22105069,10.1007/s13562-021-00739-0,10.1016/j.jplph.2017.03.018"
Acetyl-L-Carnitine,CC(=O)O[C@H](CC([O-])=O)C[N+](C)(C)C,"InChI=1S/C9H17NO4/c1-7(11)14-8(5-9(12)13)6-10(2,3)4/h8H,5-6H2,1-4H3/t8-/m1/s1",RDHQFKQIGNGIED-MRVPVSSYSA-N,"Red meat, fish, poultry, dairy products",FDB093666,0,0,0,0,0,0,0,0,0,0,0,0,0,0,0,0,0,0,0,0,0,0,0,0,0,0,0,0,0,0,0,0,0,0,0,0,0,0,0,0,0,0,0,0,0,0,0,0,0,1,1,Not in database,"10.1016/j.phrs.2021.105874,10.1016/j.arr.2017.09.006"
Acetylcholine,CC(=O)OCC[N+](C)(C)C,"InChI=1S/C7H16NO2/c1-7(9)10-6-5-8(2,3)4/h5-6H2,1-4H3/q+1",OIPILFWXSMYKGL-UHFFFAOYSA-N,"Eggs, liver, peanuts, soybeans",FDB004643,0,0,0,0,0,0,0,0,0,0,0,0,0,0,0,0,0,0,0,0,0,0,0,0,0,0,0,0,0,0,0,0,0,0,0,0,0,0,0,0,0,0,0,0,0,0,0,0,0,1,1,Not in database,10.3390/nu11122995
Aflatoxin B1,COc1cc2OC3OC=CC3c2c4OC(=O)C5=C(CCC5=O)c14,"InChI=1S/C17H12O6/c1-20-10-6-11-14(8-4-5-21-17(8)22-11)15-13(10)7-2-3-9(18)12(7)16(19)23-15/h4-6,8,17H,2-3H2,1H3",OQIQSTLJSLGHID-UHFFFAOYSA-N,"Peanuts, corn, tree nuts",FDB014816,0,0,0,0,0,0,0,0,0,0,0,0,0,0,0,0,0,0,0,0,0,0,0,0,0,0,0,0,0,0,0,0,0,0,0,0,0,0,0,0,0,0,0,0,0,0,0,0,0,1,1,CNP0296840,10.1016/j.fct.2017.06.034
Ajoene,C=CCSS\C=C\C[S](=O)CC=C,"InChI=1S/C9H14OS3/c1-3-6-11-12-7-5-9-13(10)8-4-2/h3-5,7H,1-2,6,8-9H2/b7-5+",IXELFRRANAOWSF-FNORWQNLSA-N,Garlic (aged or fermented preparations),FDB011636,0,0,0,0,0,0,0,0,0,0,0,0,0,0,0,0,0,0,0,0,0,0,0,0,0,0,0,0,0,0,0,0,0,0,0,0,0,0,0,0,0,0,0,0,0,0,0,0,0,1,1,CNP0109492,10.1155/2021/9995903
All-Trans Retinoic Acid,CC1=C(C(CCC1)(C)C)C=CC(=CC=CC(=CC(=O)O)C)C,"InChI=1S/C20H28O2/c1-15(8-6-9-16(2)14-19(21)22)11-12-18-17(3)10-7-13-20(18,4)5/h6,8-9,11-12,14H,7,10,13H2,1-5H3,(H,21,22)/b9-6+,12-11+,15-8+,16-14+",SHGAZHPCJJPHSC-YCNIQYBTSA-N,"Animal-based foods (liver, fish oils, dairy products)",FDB022710,1,1,1,0,0,0,1,0,0,0,0,0,0,0,0,0,0,0,0,0,0,0,0,0,0,0,0,0,0,0,0,0,0,0,0,0,0,0,0,0,0,0,0,0,0,0,0,0,0,0,4,Not in database,10.3390/nu13113714
Allicin,C=CCS[S](=O)CC=C,"InChI=1S/C6H10OS2/c1-3-5-8-9(7)6-4-2/h3-4H,1-2,5-6H2",JDLKFOPOAOFWQN-UHFFFAOYSA-N,"Soft-neck garlic, abalone, abiyuch, acerola, acorn, adzuki bean, agar, agave, alaskan blueberry, and alaskan wild rhubarb",FDB012190,0,0,0,0,0,0,0,0,0,0,0,0,0,0,0,0,0,0,0,0,0,0,0,0,0,0,0,0,0,0,0,0,0,0,0,0,0,0,0,0,0,0,0,0,0,0,0,1,0,0,1,CNP0293231,"10.1002/tcr.201800133,10.3390/cancers15030697"
Alliin,N[C@@H](C[S](=O)CC=C)C(O)=O,"InChI=1S/C6H11NO3S/c1-2-3-11(10)4-5(7)6(8)9/h2,5H,1,3-4,7H2,(H,8,9)/t5-,11?/m0/s1",XUHLIQGRKRUKPH-ITZCMCNPSA-N,"Soft-neck garlic, abalone, abiyuch, acerola, acorn, adzuki bean, agar, agave, alaskan blueberry, and alaskan wild rhubarb",FDB000558,0,0,0,0,0,0,0,0,0,0,0,0,0,0,0,0,0,0,0,0,0,0,0,0,0,0,0,0,0,0,0,0,0,0,0,0,0,0,0,0,0,0,0,0,0,0,0,1,0,0,1,CNP0232043,10.1002/tcr.201800133
Allyl mercaptan,SCC=C,"InChI=1S/C3H6S/c1-2-3-4/h2,4H,1,3H2",ULIKDJVNUXNQHS-UHFFFAOYSA-N,"Chives, garden onions, green onions, red onions, soft neck garlic, and welsh onions",FDB008283,0,0,0,0,0,0,0,0,0,0,0,0,0,0,0,0,0,0,0,0,0,0,0,0,0,0,0,0,0,0,0,0,0,0,0,0,0,0,0,0,0,0,0,0,0,0,0,1,0,0,1,Not in database,10.1080/10408398.2019.1571480
Alpha-Ketoglutarate,[O-]C(=O)CCC(=O)C([O-])=O,"InChI=1S/C5H6O5/c6-3(5(9)10)1-2-4(7)8/h1-2H2,(H,7,8)(H,9,10)/p-2",KPGXRSRHYNQIFN-UHFFFAOYSA-L,"Meat, fish, dairy products",FDB003361,0,0,0,1,0,0,0,0,0,0,0,0,0,0,0,0,0,0,0,0,0,0,0,0,0,0,0,0,0,1,1,1,1,1,1,1,1,1,1,1,0,0,1,0,0,0,0,0,0,0,13,Not in database,10.1186/s13148-019-0702-5
Alpha-mangostin,COc1c(O)cc2Oc3cc(O)c(CC=C(C)C)c(O)c3C(=O)c2c1CC=C(C)C,"InChI=1S/C24H26O6/c1-12(2)6-8-14-16(25)10-19-21(22(14)27)23(28)20-15(9-7-13(3)4)24(29-5)17(26)11-18(20)30-19/h6-7,10-11,25-27H,8-9H2,1-5H3",GNRIZKKCNOBBMO-UHFFFAOYSA-N,Mangosteen fruit,FDB014546,0,0,0,0,0,0,0,0,0,0,0,0,0,0,0,0,0,0,0,0,0,0,0,0,0,0,1,0,0,0,0,0,0,0,0,0,0,0,0,0,0,0,0,0,0,0,0,0,0,0,1,CNP0158137,10.1016/j.apsb.2020.06.007
Alpha-Tocopherol,CC(C)CCC[C@@H](C)CCC[C@@H](C)CCC[C@]1(C)CCc2c(C)c(O)c(C)c(C)c2O1,"InChI=1S/C29H50O2/c1-20(2)12-9-13-21(3)14-10-15-22(4)16-11-18-29(8)19-17-26-25(7)27(30)23(5)24(6)28(26)31-29/h20-22,30H,9-19H2,1-8H3/t21-,22-,29-/m1/s1",GVJHHUAWPYXKBD-IEOSBIPESA-N,"Wheat germ oil, sunflower oil, nuts, seeds, green leafy vegetables",FDB000565,0,0,0,0,0,0,0,0,0,0,0,0,0,0,0,0,0,0,0,0,0,0,0,0,0,0,0,0,0,0,0,0,0,0,0,0,0,0,0,0,0,0,0,0,0,0,0,0,0,1,1,CNP0338526,"10.1002/biof.1728,10.3390/nu14102150,10.3390/nu10121919,10.2174/1871530319666190529101816,10.3390/nu9090962,10.2174/1872312814999211130093625,10.1016/j.ijdevneu.2018.09.001"
Alpha-Viniferin,Oc1ccc(cc1)[C@@H]2Oc3cc(O)cc4[C@@H]5[C@H](Oc6cc(O)cc([C@H]7[C@@H](Oc8cc(O)cc([C@@H]2c34)c78)c9ccc(O)cc9)c56)c%10ccc(O)cc%10,"InChI=1S/C42H30O9/c43-22-7-1-19(2-8-22)40-37-28-13-25(46)17-32-35(28)39(42(50-32)21-5-11-24(45)12-6-21)30-15-27(48)18-33-36(30)38(29-14-26(47)16-31(49-40)34(29)37)41(51-33)20-3-9-23(44)10-4-20/h1-18,37-48H/t37-,38-,39+,40+,41+,42-/m1/s1",KUTVNHOAKHJJFL-ZSIJVUTGSA-N,Grapevine and wine,FDB002497,0,0,0,0,0,0,0,0,0,0,0,0,0,0,0,0,0,0,0,0,0,0,0,0,0,0,0,0,0,0,0,0,0,0,0,0,0,0,0,0,0,0,0,0,0,1,0,0,0,0,1,Not in database,10.15430/JCP.2020.25.4.189
Amarogentin,OC[C@H]1O[C@@H](O[C@@H]2OC=C3[C@@H](CCOC3=O)[C@H]2C=C)[C@H](OC(=O)c4c(O)cc(O)cc4c5cccc(O)c5)[C@@H](O)[C@@H]1O,"InChI=1S/C29H30O13/c1-2-16-17-6-7-38-26(36)19(17)12-39-28(16)42-29-25(24(35)23(34)21(11-30)40-29)41-27(37)22-18(9-15(32)10-20(22)33)13-4-3-5-14(31)8-13/h2-5,8-10,12,16-17,21,23-25,28-35H,1,6-7,11H2/t16-,17+,21-,23-,24+,25-,28+,29+/m1/s1",DBOVHQOUSDWAPQ-WTONXPSSSA-N,Gentian root,Not in database,1,0,0,0,0,0,0,0,0,0,0,0,0,0,0,0,0,0,0,0,0,0,0,0,0,0,0,0,0,0,0,0,0,0,0,0,0,0,0,0,0,0,0,0,0,0,0,0,0,0,1,CNP0114733,10.1007/s11356-021-15594-8
Amentoflavone,Oc1ccc(cc1)C2=CC(=O)c3c(O)cc(O)c(c3O2)c4cc(ccc4O)C5=CC(=O)c6c(O)cc(O)cc6O5,"InChI=1S/C30H18O10/c31-15-4-1-13(2-5-15)24-12-23(38)29-21(36)10-20(35)27(30(29)40-24)17-7-14(3-6-18(17)33)25-11-22(37)28-19(34)8-16(32)9-26(28)39-25/h1-12,31-36H",YUSWMAULDXZHPY-UHFFFAOYSA-N,"Ginkgo biloba, St. John's wort",Not in database,0,0,0,0,0,0,0,0,0,0,0,0,0,0,0,0,0,0,0,0,0,0,0,0,0,0,0,0,0,0,0,0,0,0,0,0,0,0,0,0,0,0,0,0,0,1,0,0,0,0,1,CNP0311925,"10.15430/JCP.2020.25.4.189,10.1016/bs.apcsb.2020.04.001"
Anacardic acid,CCCCCCCCCCCCCCCc1cccc(O)c1C(O)=O,"InChI=1S/C22H36O3/c1-2-3-4-5-6-7-8-9-10-11-12-13-14-16-19-17-15-18-20(23)21(19)22(24)25/h15,17-18,23H,2-14,16H2,1H3,(H,24,25)",ADFWQBGTDJIESE-UHFFFAOYSA-N,Cashew nuts,FDB012091,0,0,0,1,0,0,0,0,0,0,0,0,0,0,0,0,0,0,0,0,0,0,0,0,0,0,0,0,0,0,0,0,0,0,0,0,0,0,0,0,0,0,0,0,0,0,0,0,0,0,1,CNP0159086,10.3389/fonc.2020.605386
Apigenin,Oc1ccc(cc1)C2=CC(=O)c3c(O)cc(O)cc3O2,"InChI=1S/C15H10O5/c16-9-3-1-8(2-4-9)13-7-12(19)15-11(18)5-10(17)6-14(15)20-13/h1-7,16-18H",KZNIFHPLKGYRTM-UHFFFAOYSA-N,"Parsley, chamomile, celery, onions",FDB002798,0,0,0,0,0,0,0,0,1,0,1,0,0,0,0,0,0,0,0,0,0,0,0,0,0,0,0,0,0,0,0,0,0,0,0,0,0,0,0,0,0,0,0,0,0,0,0,0,0,0,2,CNP0251015,"10.3389/fgene.2021.758733,10.3389/fgene.2022.960263,10.1155/2021/9995903,10.3390/antiox10121859,10.1016/j.taap.2021.115467"
Arachidonic Acid,CCCCC/C=C\C\C=C/C/C=C\C\C=C/CCCC(O)=O,"InChI=1S/C20H32O2/c1-2-3-4-5-6-7-8-9-10-11-12-13-14-15-16-17-18-19-20(21)22/h6-7,9-10,12-13,15-16H,2-5,8,11,14,17-19H2,1H3,(H,21,22)/b7-6-,10-9-,13-12-,16-15-",YZXBAPSDXZZRGB-DOFZRALJSA-N,"Meat, eggs, dairy products",FDB011872,0,0,0,0,0,0,0,0,0,0,0,0,0,0,0,0,0,0,0,0,0,0,0,0,0,0,0,0,0,0,0,0,0,0,0,0,0,0,0,0,0,0,0,0,0,0,0,0,0,1,1,CNP0117763,"10.3389/fphys.2021.646491,10.1016/j.prostaglandins.2020.106477"
Arctigenin,COc1cc(C[C@@H]2[C@H](COC2=O)Cc3ccc(OC)c(OC)c3)ccc1O,"InChI=1S/C21H24O6/c1-24-18-7-5-13(11-20(18)26-3)8-15-12-27-21(23)16(15)9-14-4-6-17(22)19(10-14)25-2/h4-7,10-11,15-16,22H,8-9,12H2,1-3H3/t15-,16+/m0/s1",NQWVSMVXKMHKTF-JKSUJKDBSA-N,Certain plants like burdock root and greater burdock,FDB001442,0,0,0,0,0,0,0,0,0,0,0,0,0,0,0,0,0,0,0,0,0,0,0,0,0,0,0,0,0,0,0,0,0,0,0,0,0,0,0,0,0,0,0,0,0,0,0,1,0,0,1,CNP0213992,10.3389/fgene.2019.00079
Aristoyagonine,CN1C2=CC3=C(C(=C(C=C3)OC)OC)OC4=C(C=CC(=C24)C1=O)OC,"InChI=1S/C19H17NO5/c1-20-12-9-10-5-7-14(23-3)18(24-4)16(10)25-17-13(22-2)8-6-11(15(12)17)19(20)21/h5-9H,1-4H3",PKYPYBIJEGBNLX-UHFFFAOYSA-N,Not commonly found in dietary sources,Not in database,0,0,0,0,0,0,0,0,0,0,0,0,0,0,0,0,0,0,0,0,0,0,0,0,0,0,0,0,0,0,0,0,0,0,0,0,0,0,0,0,0,0,0,0,0,1,0,0,0,0,1,CNP0343319,10.15430/JCP.2020.25.4.189
Arsenic trioxide,O=[As]O[As]=O,InChI=1S/2As.3O/q2*+3;3*-2,QTLQKAJBUDWPIB-UHFFFAOYSA-N,"Abalone, abiyuch, acerola, acorn, adzuki bean, agar, agave, alaskan blueberry, alaskan wild rhubarb, and alfalfa",FDB028324,1,1,1,0,0,0,0,0,0,0,0,0,0,0,0,0,0,0,0,0,0,0,0,0,0,0,0,0,0,0,0,0,0,0,0,0,0,0,0,0,0,0,0,0,0,0,0,0,0,0,3,Not in database,10.1007/s11356-021-15594-8
Ascorbate,OC[C@H](O)[C@H]1OC(=O)[C-](O)C1=O,"InChI=1S/C6H7O6/c7-1-2(8)5-3(9)4(10)6(11)12-5/h2,5,7-8,10H,1H2/q-1/t2-,5+/m0/s1",RUZSIBWKLPULMN-JLAZNSOCSA-N,"Citrus fruits, strawberries, kiwi, bell peppers, leafy greens",FDB001226,0,0,0,0,0,0,0,0,0,0,0,0,0,1,0,0,0,0,0,0,0,0,0,0,0,0,0,0,0,1,0,1,0,0,0,0,0,1,1,0,0,0,1,0,0,0,0,0,0,0,6,Not in database,10.1016/j.hemonc.2020.11.002
Ascorbic acid,OCC(O)C1OC(=C(O)C1=O)O,"InChI=1S/C6H8O6/c7-1-2(8)5-3(9)4(10)6(11)12-5/h2,5,7-10H,1H2/t2-,5+/m0/s1",CIWBSHSKHKDKBQ-JLAZNSOCSA-N,"Citrus fruits, strawberries, kiwi, bell peppers, leafy greens, broccoli, nanking cherry, cow's milk and lettuce",FDB001223,1,1,0,0,0,0,0,0,0,0,0,0,0,0,0,0,0,0,0,0,0,0,0,0,0,0,0,0,0,0,0,0,0,0,0,0,0,0,0,0,0,0,0,0,0,0,0,0,0,0,2,CNP0367758,"10.1007/s11356-021-15594-8,10.3389/fcell.2022.930205,10.32607/actanaturae.11060,10.5604/01.3001.0013.6926,10.3390/nu14102150,10.1186/s13148-019-0659-4,10.1016/j.phrs.2019.104321"
Asiatic Acid,C[C@@H]1CC[C@@]2(CC[C@]3(C)C(=CC[C@@H]4[C@@]5(C)C[C@@H](O)[C@H](O)[C@@](C)(CO)[C@@H]5CC[C@@]34C)[C@@H]2[C@H]1C)C(O)=O,"InChI=1S/C30H48O5/c1-17-9-12-30(25(34)35)14-13-28(5)19(23(30)18(17)2)7-8-22-26(3)15-20(32)24(33)27(4,16-31)21(26)10-11-29(22,28)6/h7,17-18,20-24,31-33H,8-16H2,1-6H3,(H,34,35)/t17-,18+,20-,21-,22-,23+,24+,26+,27+,28-,29-,30+/m1/s1",JXSVIVRDWWRQRT-UYDOISQJSA-N,Centella asiatica (Gotu Kola),FDB014909,0,0,0,0,0,0,0,0,0,0,0,0,0,0,0,0,0,0,0,0,0,0,0,0,0,0,0,0,0,0,0,0,0,0,0,0,0,0,0,0,0,0,0,0,0,0,0,0,0,1,1,CNP0380608,10.2174/1568026622666220119111538
Astaxanthin,CC(=C\C=C\C=C(C)\C=C\C=C(C)\C=C\C1=C(C)C(=O)[C@@H](O)CC1(C)C)/C=C/C=C(C)/C=C/C2=C(C)C(=O)[C@@H](O)CC2(C)C,"InChI=1S/C40H52O4/c1-27(17-13-19-29(3)21-23-33-31(5)37(43)35(41)25-39(33,7)8)15-11-12-16-28(2)18-14-20-30(4)22-24-34-32(6)38(44)36(42)26-40(34,9)10/h11-24,35-36,41-42H,25-26H2,1-10H3/b12-11+,17-13+,18-14+,23-21+,24-22+,27-15+,28-16+,29-19+,30-20+/t35-,36-/m0/s1",MQZIGYBFDRPAKN-UWFIBFSHSA-N,"Certain seafood (salmon, shrimp, lobster, trout)",FDB018640,0,0,1,0,0,0,0,0,0,0,0,0,0,0,0,0,0,0,0,0,0,0,0,0,0,0,0,0,0,0,0,0,0,0,0,0,0,0,0,0,0,0,0,0,0,0,0,0,0,0,1,CNP0190579,"10.1007/s11356-021-15594-8,10.3390/plants11192524,10.1016/j.ijdevneu.2018.09.001"
Auxin,[O-]C(=O)Cc1c[nH]c2ccccc12,"InChI=1S/C10H9NO2/c12-10(13)5-7-6-11-9-4-2-1-3-8(7)9/h1-4,6,11H,5H2,(H,12,13)/p-1",SEOVTRFCIGRIMH-UHFFFAOYSA-M,Plant hormone; not obtained from diet,FDB003573,0,0,0,0,0,0,0,0,0,0,0,0,0,0,0,0,0,0,0,0,0,0,0,0,0,0,0,0,0,0,0,0,0,0,0,0,0,0,0,0,0,0,0,0,0,0,0,0,0,1,1,Not in database,"10.1111/jipb.13225,10.3390/cells10050979"
Berberine,COc1ccc2cc3c4cc5OCOc5cc4CC[n+]3cc2c1OC,"InChI=1S/C20H18NO4/c1-22-17-4-3-12-7-16-14-9-19-18(24-11-25-19)8-13(14)5-6-21(16)10-15(12)20(17)23-2/h3-4,7-10H,5-6,11H2,1-2H3/q+1",YBHILYKTIRIUTE-UHFFFAOYSA-N,"Plants like goldenseal, Oregon grape, barberry",FDB023165,1,1,1,0,0,0,0,0,1,1,1,1,1,1,1,1,1,1,0,0,0,1,0,0,0,0,0,0,0,0,0,0,0,0,0,0,0,0,0,0,0,1,0,0,0,0,0,0,0,0,15,CNP0108877,"10.3390/nu13113714,10.1002/ptr.7069,10.3389/fphar.2019.00009,10.1016/j.taap.2021.115467"
Beta-carotene,CC1=C(\C=C\C(C)=C\C=C\C(C)=C\C=C\C=C(C)\C=C\C=C(C)\C=C\C2=C(C)CCCC2(C)C)C(C)(C)CCC1,"InChI=1S/C40H56/c1-31(19-13-21-33(3)25-27-37-35(5)23-15-29-39(37,7)8)17-11-12-18-32(2)20-14-22-34(4)26-28-38-36(6)24-16-30-40(38,9)10/h11-14,17-22,25-28H,15-16,23-24,29-30H2,1-10H3/b12-11+,19-13+,20-14+,27-25+,28-26+,31-17+,32-18+,33-21+,34-22+",OENHQHLEOONYIE-JLTXGRSLSA-N,"Butternut squash, purple laver, dandelion, chinese chives, water spinach, sweet marjoram, thyme, arugula salad, cantaloupe, and watercress",FDB014613,0,1,0,0,0,0,0,0,0,0,0,0,0,0,0,0,0,0,0,0,0,0,0,0,0,0,0,0,0,0,0,0,0,0,0,0,0,0,0,0,0,0,0,0,0,0,0,0,0,0,1,CNP0233748,10.1007/s11356-021-15594-8
Beta-elemene,CC(=C)[C@@H]1CC[C@@](C)(C=C)[C@@H](C1)C(C)=C,"InChI=1S/C15H24/c1-7-15(6)9-8-13(11(2)3)10-14(15)12(4)5/h7,13-14H,1-2,4,8-10H2,3,5-6H3/t13-,14+,15-/m1/s1",OPFTUNCRGUEPRZ-QLFBSQMISA-N,Certain medicinal plants like turmeric and ginger,FDB014577,1,0,0,0,0,0,1,0,0,0,0,0,0,0,0,0,0,0,0,0,0,0,0,0,0,0,0,0,0,0,0,0,0,0,0,0,0,0,0,0,0,0,0,0,0,0,0,0,0,0,2,Not in database,10.3390/nu13113714
Betaine,C[N+](C)(C)CC([O-])=O,"InChI=1S/C5H11NO2/c1-6(2,3)4-5(7)8/h4H2,1-3H3",KWIUHFFTVRNATP-UHFFFAOYSA-N,"Beets, spinach, quinoa, seafood",FDB009020,0,0,0,0,0,0,0,0,0,0,0,0,0,1,0,0,0,0,0,0,0,0,0,0,0,0,0,0,0,0,0,0,0,0,0,0,0,0,0,0,0,0,0,0,0,0,0,0,0,0,1,CNP0334080,"10.3390/ijms24032346,10.1016/j.mam.2016.11.007,10.2741/4636"
Betanin,OC[C@H]1O[C@@H](Oc2cc3C[C@H](N(C=CC4=CC(=[NH+][C@@H](C4)C(O)=O)C(O)=O)c3cc2O)C([O-])=O)[C@H](O)[C@@H](O)[C@@H]1O,"InChI=1S/C24H26N2O13/c27-8-17-18(29)19(30)20(31)24(39-17)38-16-6-10-5-14(23(36)37)26(13(10)7-15(16)28)2-1-9-3-11(21(32)33)25-12(4-9)22(34)35/h1-3,6-7,12,14,17-20,24,27-31H,4-5,8H2,(H,32,33)(H,34,35)(H,36,37)/b2-1+/t12-,14-,17+,18+,19-,20+,24+/m0/s1",CTMLKIKAUFEMLE-FTNGGYTGSA-N,"Abalone, abiyuch, acerola, acorn, adzuki bean, agar, agave, alaska blueberry, alaska wild rhubarb and alfalfa",FDB000497,1,0,0,0,0,0,0,0,0,0,0,0,0,0,0,0,0,0,0,0,0,0,0,0,0,0,0,0,0,0,0,0,0,0,0,0,0,0,0,0,0,0,0,0,0,0,0,0,0,0,1,CNP0081494,10.3390/nu13113714
Betulinic Acid,CC(=C)[C@@H]1CC[C@@]2(CC[C@]3(C)[C@H](CC[C@@H]4[C@@]5(C)CC[C@H](O)C(C)(C)[C@@H]5CC[C@@]34C)[C@@H]12)C(O)=O,"InChI=1S/C30H48O3/c1-18(2)19-10-15-30(25(32)33)17-16-28(6)20(24(19)30)8-9-22-27(5)13-12-23(31)26(3,4)21(27)11-14-29(22,28)7/h19-24,31H,1,8-17H2,2-7H3,(H,32,33)/t19-,20+,21-,22+,23-,24+,27-,28+,29+,30-/m0/s1",QGJZLNKBHJESQX-FZFNOLFKSA-N,"White birch tree bark, some other plants",FDB001532,0,0,0,0,0,0,0,0,0,0,0,0,0,0,0,0,0,0,0,0,0,0,0,0,0,0,0,0,0,0,0,0,0,0,0,0,0,0,0,0,0,0,0,0,0,0,0,0,0,1,1,CNP0226572,10.2174/1568026622666220119111538
Biotin,OC(=O)CCCCC1SCC2NC(=O)NC12,"InChI=1S/C10H16N2O3S/c13-8(14)4-2-1-3-7-9-6(5-16-7)11-10(15)12-9/h6-7,9H,1-5H2,(H,13,14)(H2,11,12,15)",YBJHBAHKTGYVGT-UHFFFAOYSA-N,"Organ meats, eggs, nuts, seeds, certain vegetables",FDB014510,1,1,0,1,0,0,1,1,1,1,1,0,0,1,0,0,0,0,0,1,1,0,0,0,0,0,1,0,1,1,1,1,1,1,1,1,1,1,1,1,0,1,1,0,0,1,0,0,0,0,27,CNP0177348,10.1080/10408398.2020.1712674
Boswellic Acid,C[C@@H]1CC[C@]2(C)CC[C@]3(C)C(=CC[C@@H]4[C@@]5(C)CC[C@@H](O)[C@@](C)([C@@H]5CC[C@@]34C)C(O)=O)[C@@H]2[C@H]1C,"InChI=1S/C32H48O5/c1-18-9-12-28(4)15-16-30(6)21(25(28)19(18)2)17-22(34)26-29(5)13-11-24(37-20(3)33)32(8,27(35)36)23(29)10-14-31(26,30)7/h17-19,23-26H,9-16H2,1-8H3,(H,35,36)/t18-,19+,23-,24-,25+,26-,28-,29+,30-,31-,32-/m1/s1",HMMGKOVEOFBCAU-BCDBGHSCSA-N,Extracted from Boswellia serrata (Indian frankincense),FDB013798,0,0,0,0,0,0,0,0,0,0,0,0,0,0,0,0,0,0,0,0,0,0,0,0,0,0,0,0,0,0,0,0,0,0,0,0,0,0,0,0,0,0,0,0,0,0,1,0,0,0,1,CNP0224551,10.3390/nu13113714
Butein,Oc1ccc(c(O)c1)C(=O)\C=C\c2ccc(O)c(O)c2,"InChI=1S/C15H12O5/c16-10-3-4-11(14(19)8-10)12(17)5-1-9-2-6-13(18)15(20)7-9/h1-8,16,18-20H/b5-1+",AYMYWHCQALZEGT-ORCRQEGFSA-N,Certain plants like Rhus verniciflua (lacquer tree),FDB000082,0,0,0,0,0,0,0,0,1,1,1,1,1,1,1,1,1,1,1,0,0,0,0,0,0,0,0,0,0,0,0,0,0,0,0,0,0,0,0,0,0,0,0,0,0,0,0,0,0,0,11,CNP0336049,10.3390/nu10060731
Butyrate,CCCC([O-])=O,"InChI=1S/C4H8O2/c1-2-3-4(5)6/h2-3H2,1H3,(H,5,6)/p-1",FERIUCNNQQJTOY-UHFFFAOYSA-M,"Fermented foods (butter, ghee), some cheeses",Not in database,1,1,1,0,0,0,0,0,1,0,0,0,0,0,0,0,0,0,0,0,0,0,0,0,0,0,0,0,0,0,0,0,0,0,0,0,0,0,0,0,0,0,0,0,0,0,0,0,0,0,4,CNP0259447,"10.1007/s11356-021-15594-8,10.3389/fmicb.2022.961536,10.1177/1179237X17729900,10.1016/j.nut.2021.111499,10.3390/nu13124345"
Butyric Acid,CCCC(O)=O,"InChI=1S/C4H8O2/c1-2-3-4(5)6/h2-3H2,1H3,(H,5,6)",FERIUCNNQQJTOY-UHFFFAOYSA-N,"Fermented foods (butter, ghee), some cheeses",FDB012062,1,1,1,1,0,0,0,0,0,0,0,1,0,0,1,0,0,1,0,0,0,0,0,0,0,0,0,0,0,0,0,0,0,0,0,0,0,0,0,0,0,0,0,0,0,0,0,0,0,0,7,CNP0186784,10.3390/antiox11010035
Caffeic acid,OC(=O)\C=C/c1ccc(O)c(O)c1,"InChI=1S/C9H8O4/c10-7-3-1-6(5-8(7)11)2-4-9(12)13/h1-5,10-11H,(H,12,13)/b4-2+",QAIPRVGONGVQAS-DUXPYHPUSA-N,"Common verbena, tarragon, basil, common thyme, burdock, common oregano, black chokeberry, anise, pear, and chicory",FDB002558,1,1,1,0,0,0,0,0,1,0,0,1,0,0,1,0,0,0,0,0,0,0,0,0,0,0,0,0,0,0,0,0,0,0,0,0,0,0,0,0,0,0,0,0,0,0,0,0,0,0,6,Not in database,10.3389/fgene.2019.00079
Caffeine,Cn1cnc2N(C)C(=O)N(C)C(=O)c12,"InChI=1S/C8H10N4O2/c1-10-4-9-6-5(10)7(13)12(3)8(14)11(6)2/h4H,1-3H3",RYYVLZVUVIJVGH-UHFFFAOYSA-N,"Coffee, tea, chocolate, energy drinks, soft drinks",FDB002100,0,0,0,0,0,0,0,0,0,0,0,0,0,1,0,0,0,0,0,0,0,0,0,0,0,0,0,0,0,0,0,0,0,0,0,0,0,0,0,0,0,0,0,0,0,0,0,0,0,0,1,CNP0228556,"10.1016/j.tem.2019.11.004,10.1016/j.mam.2017.02.001,10.3390/ijms22189949,10.21037/tau-20-592,10.3390/nu12103118,10.1016/j.cellsig.2017.07.018"
Calcium glucarate,[Ca++].O[C@@H]([C@H](O)[C@H](O)C([O-])=O)[C@@H](O)C([O-])=O,"InChI=1S/C6H10O8.Ca/c7-1(3(9)5(11)12)2(8)4(10)6(13)14;/h1-4,7-10H,(H,11,12)(H,13,14);/q;+2/p-2/t1-,2-,3-,4+;/m0./s1",UGZVNIRNPPEDHM-SBBOJQDXSA-L,"Fruits (apples, oranges), cruciferous vegetables",Not in database,0,0,0,0,0,0,0,0,0,0,0,0,0,0,0,0,0,0,0,0,0,0,0,0,0,0,0,0,0,0,0,0,0,0,0,0,0,0,0,0,0,0,0,0,0,0,1,0,0,0,1,CNP0148557,10.1007/s11356-021-15594-8
Cannabidiol,CCCCCc1cc(O)c(C2C=C(C)CC[C@H]2C(C)=C)c(O)c1,"InChI=1S/C21H30O2/c1-5-6-7-8-16-12-19(22)21(20(23)13-16)18-11-15(4)9-10-17(18)14(2)3/h11-13,17-18,22-23H,2,5-10H2,1,3-4H3/t17-,18?/m0/s1",QHMBSVQNZZTUGM-ZENAZSQFSA-N,Derived from hemp or cannabis plants,Not in database,0,0,0,0,0,0,0,0,0,0,0,0,0,0,0,0,0,0,0,0,0,0,0,0,0,0,0,0,0,0,0,0,0,0,0,0,0,0,0,0,0,0,0,0,0,0,0,0,0,1,1,CNP0311769,"10.3390/genes13112165,10.3390/ijms22041863,10.3390/biom11050766,10.1159/000511979"
Capsaicin,COc1cc(CNC(=O)CCCC\C=C\C(C)C)ccc1O,"InChI=1S/C18H27NO3/c1-14(2)8-6-4-5-7-9-18(21)19-13-15-10-11-16(20)17(12-15)22-3/h6,8,10-12,14,20H,4-5,7,9,13H2,1-3H3,(H,19,21)/b8-6+",YKPUWZUDDOIDPM-SOFGYWHQSA-N,Chili peppers,FDB012411,0,0,0,0,0,0,0,0,0,0,0,0,0,1,0,0,0,0,0,0,0,0,0,0,0,0,1,0,0,0,0,0,0,0,0,0,0,0,0,0,0,0,0,0,0,0,0,0,0,0,2,CNP0345091,10.1155/2021/9995903
Chlorogenic acid,O[C@@H]1C[C@](O)(C[C@@H](OC(=O)\C=C\c2ccc(O)c(O)c2)[C@@H]1O)C(O)=O,"InChI=1S/C16H18O9/c17-9-3-1-8(5-10(9)18)2-4-13(20)25-12-7-16(24,15(22)23)6-11(19)14(12)21/h1-5,11-12,14,17-19,21,24H,6-7H2,(H,22,23)/b4-2+/t11-,12-,14-,16+/m1/s1",CWVRJTMFETXNAD-JUHZACGLSA-N,"Arabica coffee, sunflower, blueberry, highbush blueberry, globe artichoke, pear, medium high blueberry, chicory leaves, burdock, and lowbush blueberry",FDB002582,1,0,0,0,0,0,0,0,0,0,0,0,0,0,0,0,0,0,0,0,0,0,0,0,0,0,0,0,0,0,0,0,0,0,0,0,0,0,0,0,0,0,0,0,0,0,0,0,0,0,1,CNP0215187,10.1007/s11356-021-15594-8
Chlorophyll,[Mg++].CCc1c(C)c2[n-]c1cc3nc4c([C@@H](C(=O)OC)C(=O)c4c3C)c5nc(cc6[n-]c(c2)c(C=C)c6C)[C@@H](C)[C@@H]5CCC(=O)OC/C=C(C)/CCCC(C)CCCC(C)CCCC(C)C,"InChI=1S/C55H73N4O5.Mg/c1-13-39-35(8)42-28-44-37(10)41(24-25-48(60)64-27-26-34(7)23-17-22-33(6)21-16-20-32(5)19-15-18-31(3)4)52(58-44)50-51(55(62)63-12)54(61)49-38(11)45(59-53(49)50)30-47-40(14-2)36(9)43(57-47)29-46(39)56-42;/h13,26,28-33,37,41,51H,1,14-25,27H2,2-12H3,(H-,56,57,58,59,61);/q-1;+2/p-1/b34-26+;/t32?,33?,37-,41-,51+;/m0./s1",ATNHDLDRLWWWCB-WJQLOWBJSA-M,"Green leafy vegetables, algae, herbs",FDB016592,0,0,0,0,0,0,0,0,0,0,0,0,0,0,0,0,0,0,0,0,0,0,0,0,0,0,0,0,0,0,0,0,0,0,0,0,0,0,0,0,0,0,0,0,0,0,0,0,0,1,1,Not in database,10.1186/s41021-021-00180-8
Cholecalciferol,CC(C)CCC[C@@H](C)[C@H]1CC[C@H]2\C(CCC[C@]12C)=C\C=C3/C[C@@H](O)CCC3=C,"InChI=1S/C27H44O/c1-19(2)8-6-9-21(4)25-15-16-26-22(10-7-17-27(25,26)5)12-13-23-18-24(28)14-11-20(23)3/h12-13,19,21,24-26,28H,3,6-11,14-18H2,1-2,4-5H3/b22-12+,23-13+/t21-,24+,25-,26+,27-/m1/s1",QYSXJUFSXHHAJI-FVUVGDFOSA-N,"Fatty fish, egg yolks, sunlight exposure, fortified foods",FDB012732,0,0,0,0,0,0,0,0,0,0,0,0,0,1,0,0,0,0,0,0,0,0,0,0,0,0,0,0,0,0,0,0,0,0,0,0,0,0,0,0,0,0,0,0,0,0,0,0,0,0,1,CNP0117742,"10.2217/epi-2018-0081,10.1016/j.arr.2017.09.006"
Cholesterol,CC(C)CCC[C@@H](C)[C@H]1CC[C@H]2[C@@H]3CC=C4C[C@@H](O)CC[C@]4(C)[C@H]3CC[C@]12C,"InChI=1S/C27H46O/c1-18(2)7-6-8-19(3)23-11-12-24-22-10-9-20-17-21(28)13-15-26(20,4)25(22)14-16-27(23,24)5/h9,18-19,21-25,28H,6-8,10-17H2,1-5H3/t19-,21+,22+,23-,24+,25+,26+,27-/m1/s1",HVYWMOMLDIMFJA-DPAQBDIFSA-N,"Animal-based foods (organ meats, egg yolks, high-fat dairy products)",FDB013269,0,0,0,0,0,0,0,0,0,0,0,0,0,1,0,0,0,0,0,0,0,0,0,0,0,0,0,0,0,0,0,0,0,0,0,0,0,0,0,0,0,0,0,0,0,0,0,0,0,0,1,CNP0174859,"10.3390/biomedicines9070810,10.3390/ani11020544,10.1016/j.biopha.2021.112277,10.1016/j.jff.2021.104751,10.1016/j.pharmthera.2020.107514,10.17235/reed.2020.6640/2019,10.3390/ijms21062097,10.1186/s12959-020-00240-z,10.5650/jos.ess19116,10.1111/joim.12959,10.1007/s11886-019-1086-z,10.3389/fimmu.2018.00298,10.1016/j.semcdb.2017.11.026,10.2174/1389202919666171229145156,10.1016/j.gene.2016.10.022,10.1016/j.arr.2022.101615,10.1016/j.maturitas.2020.02.005,10.1111/obr.12817,10.1038/nrgastro.2017.38"
Choline,C[N+](C)(C)CCO,"InChI=1S/C5H14NO/c1-6(2,3)4-5-7/h7H,4-5H2,1-3H3/q+1",OEYIOHPDSNJKLS-UHFFFAOYSA-N,"Eggs, liver, peanuts, soybeans, cruciferous vegetables",FDB000710,0,0,0,0,0,0,0,0,0,0,0,0,0,1,0,0,0,0,0,0,0,0,0,0,0,0,0,0,0,0,0,0,0,0,0,0,0,0,0,0,0,0,0,0,0,0,0,0,0,0,1,CNP0161849,"10.21037/tau-20-592,10.3168/jds.2019-17319,10.1002/mnfr.201900377,10.1080/10408398.2017.1359488,10.3390/nu11122995,10.1093/nutrit/nuy006,10.3390/ijms24032346,10.1016/j.mam.2016.11.007,10.2741/4636"
Chrysin,Oc1cc(O)c2C(=O)C=C(Oc2c1)c3ccccc3,"InChI=1S/C15H10O4/c16-10-6-11(17)15-12(18)8-13(19-14(15)7-10)9-4-2-1-3-5-9/h1-8,16-17H",RTIXKCRFFJGDFG-UHFFFAOYSA-N,"Passionflower, honey, propolis",FDB015535,0,0,0,0,0,0,0,0,0,0,0,0,0,1,0,0,0,0,0,0,0,0,0,0,0,0,0,0,0,0,0,0,0,0,0,0,0,0,0,0,0,0,0,0,0,0,0,0,0,0,1,CNP0280624,10.1002/ptr.6869
Citrulline,N[C@@H](CCCNC(N)=O)C(O)=O,"InChI=1S/C6H13N3O3/c7-4(5(10)11)2-1-3-9-6(8)12/h4H,1-3,7H2,(H,10,11)(H3,8,9,12)/t4-/m0/s1",RHGKLRLOHDJJDR-BYPYZUCNSA-N,"Watermelon, melons, fruits, vegetables, legumes",FDB112167,0,0,0,0,0,0,0,0,0,0,0,0,0,1,0,0,0,0,0,0,0,0,0,0,0,0,0,0,0,0,0,0,0,0,0,0,0,0,0,0,0,0,0,0,0,0,0,0,0,0,1,CNP0209633,10.1016/j.cbpa.2021.01.010
Coenzyme Q10,COC1=C(OC)C(=O)C(=C(C)C1=O)C\C=C(C)\CC\C=C(C)\CC\C=C(C)\CC\C=C(C)\CC\C=C(C)\CC\C=C(C)\CC\C=C(C)\CC\C=C(C)\CC\C=C(C)\CCC=C(C)C,"InChI=1S/C59H90O4/c1-44(2)24-15-25-45(3)26-16-27-46(4)28-17-29-47(5)30-18-31-48(6)32-19-33-49(7)34-20-35-50(8)36-21-37-51(9)38-22-39-52(10)40-23-41-53(11)42-43-55-54(12)56(60)58(62-13)59(63-14)57(55)61/h24,26,28,30,32,34,36,38,40,42H,15-23,25,27,29,31,33,35,37,39,41,43H2,1-14H3/b45-26+,46-28+,47-30+,48-32+,49-34+,50-36+,51-38+,52-40+,53-42+",ACTIUHUUMQJHFO-UPTCCGCDSA-N,"Meat, fish, whole grains",FDB013228,0,0,0,0,0,0,0,0,0,0,0,0,0,0,0,0,0,0,0,0,0,0,0,0,0,0,0,0,0,0,0,0,0,0,0,0,0,0,0,0,0,0,0,0,0,0,0,0,0,1,1,CNP0278913,"10.3390/healthcare10030487,10.3390/ijms23158233,10.3390/nu14102150"
Conjugated Linoleic Acid,CCCCCC/C=C/C=C/CCCCCCCC(O)=O,"InChI=1S/C18H32O2/c1-2-3-4-5-6-7-8-9-10-11-12-13-14-15-16-17-18(19)20/h7-10H,2-6,11-17H2,1H3,(H,19,20)/b8-7+,10-9+",JBYXPOFIGCOSSB-XBLVEGMJSA-N,Meat and dairy products of ruminant animals,FDB023609,0,0,0,0,0,0,0,0,0,0,0,0,0,0,0,0,0,0,0,0,0,0,0,0,0,0,0,0,0,0,0,0,0,0,0,0,0,0,0,0,0,0,0,0,0,0,0,0,0,1,1,CNP0416601,10.1016/j.yfrne.2019.100773
Corosolic Acid,C[C@@H]1CC[C@@]2(CC[C@]3(C)C(=CCC4[C@@]5(C)C[C@@H](O)[C@H](O)C(C)(C)C5CC[C@@]34C)[C@@H]2[C@H]1C)C(O)=O,"InChI=1S/C30H48O4/c1-17-10-13-30(25(33)34)15-14-28(6)19(23(30)18(17)2)8-9-22-27(5)16-20(31)24(32)26(3,4)21(27)11-12-29(22,28)7/h8,17-18,20-24,31-32H,9-16H2,1-7H3,(H,33,34)/t17-,18+,20-,21+,22-,23+,24+,27+,28-,29-,30+/m1/s1",HFGSQOYIOKBQOW-ZSDYHTTISA-N,"Banaba leaf extract, guava, loquat and olive",FDB013735,0,0,0,0,0,0,0,0,0,0,0,0,0,0,0,0,0,0,0,0,0,0,0,0,0,0,0,0,0,0,0,0,0,0,0,0,0,0,0,0,0,0,0,0,0,0,1,0,0,0,1,CNP0255341,10.3390/nu13113714
Coumaric acid,C1=CC(=CC=C1C=CC(=O)O)O,"InChI=1S/C9H8O3/c10-8-4-1-7(2-5-8)3-6-9(11)12/h1-6,10H,(H,11,12)/b6-3+",NGSWKAQJJWESNS-ZZXKWVIFSA-N,"Pepper (C. frutescens), pineapple, sunflower, turmeric, sweet basil, common thyme, spinach, cranberry, walnut, and red huckleberry",FDB002593,0,0,0,0,0,0,0,0,0,0,0,0,0,0,0,0,0,0,0,0,0,0,0,0,0,0,0,0,0,0,0,0,0,0,0,0,0,0,0,0,0,0,0,0,0,0,1,0,0,0,1,CNP0246403,10.1080/10408398.2019.1571480
Cucurbitacin B,CC(=O)OC(C)(C)\C=C\C(=O)[C@](C)(O)[C@H]1[C@H](O)C[C@@]2(C)[C@@H]3CC=C4[C@@H](C[C@H](O)C(=O)C4(C)C)[C@]3(C)C(=O)C[C@]12C,"InChI=1S/C32H46O8/c1-17(33)40-27(2,3)13-12-23(36)32(9,39)25-21(35)15-29(6)22-11-10-18-19(14-20(34)26(38)28(18,4)5)31(22,8)24(37)16-30(25,29)7/h10,12-13,19-22,25,34-35,39H,11,14-16H2,1-9H3/b13-12+/t19-,20+,21-,22+,25+,29+,30-,31+,32+/m1/s1",IXQKXEUSCPEQRD-DKRGWESNSA-N,"Bitter gourd, calabash, cucumber, muskmelon and watermelon",FDB013515,1,0,0,0,0,0,0,0,0,0,0,0,0,0,0,0,0,0,0,0,0,0,0,0,0,0,0,0,0,0,0,0,0,0,0,0,0,0,0,0,0,0,0,0,0,0,0,0,0,0,1,CNP0337918,10.3390/nu13113714
Curcumin,COc1cc(\C=C\C(=O)CC(=O)\C=C\c2ccc(O)c(OC)c2)ccc1O,"InChI=1S/C21H20O6/c1-26-20-11-14(5-9-18(20)24)3-7-16(22)13-17(23)8-4-15-6-10-19(25)21(12-15)27-2/h3-12,24-25H,13H2,1-2H3/b7-3+,8-4+",VFLDPWHFBUODDF-FCXRPNKRSA-N,"Turmeric, curry powder, abalone, abiyuch, acerola, acorn, adzuki bean, agar, agave, and Alaskan blueberry",FDB012292,1,1,1,1,0,0,0,0,1,1,1,1,0,0,0,1,0,0,0,1,0,0,0,0,0,0,0,0,0,0,0,0,0,0,0,0,0,0,0,0,0,0,0,0,0,0,0,0,0,0,10,CNP0164301,"10.3390/nu13020332,10.3390/biom12101339,10.3390/molecules27248891,10.1016/j.biopha.2022.113956,10.1080/10408398.2022.2119364,10.1016/j.semcancer.2020.02.011,10.3390/ijms231911712,10.1039/d2fo00186a,10.3389/fgene.2022.960263,10.3390/plants11192524,10.1186/s11658-021-00301-9,10.3390/ijms22189949,10.1016/j.nut.2020.111119,10.3390/antiox10121859,10.3390/ijms21114006,10.3389/fimmu.2020.01407,10.2217/epi-2018-0081,10.2174/1871530319666181129103056,10.1007/s10522-019-09817-2,10.3389/fgene.2019.00079,10.1159/000480636,10.1016/j.taap.2021.115467,10.3390/antiox9090865,10.1007/978-3-030-20301-6_16,10.1080/10408398.2020.1825286,10.1080/01635581.2017.1359322,10.1515/reveh-2016-0041,10.3390/antiox11010035,10.1002/ptr.7069"
Curcumol,CC(C)C1CC23O[C@@]1(O)CC(=C)[C@@H]2CCC3C,"InChI=1S/C15H24O2/c1-9(2)13-8-14-11(4)5-6-12(14)10(3)7-15(13,16)17-14/h9,11-13,16H,3,5-8H2,1-2,4H3/t11-,12-,13-,14-,15+/m0/s1",QRMPRVXWPCLVNI-YYFQZIEXSA-N,Turmeric spice,FDB017348,0,0,0,0,0,0,0,0,0,0,0,0,0,0,0,0,0,0,0,0,0,0,0,0,0,0,0,0,0,0,0,0,0,0,0,0,0,0,0,0,0,0,0,0,0,0,0,1,0,0,1,CNP0455367,"10.1007/s11356-021-15594-8,10.7150/ijbs.34716"
Cyanidin,Oc1cc(O)c2cc(O)c([o+]c2c1)c3ccc(O)c(O)c3,"InChI=1S/C15H10O6/c16-8-4-11(18)9-6-13(20)15(21-14(9)5-8)7-1-2-10(17)12(19)3-7/h1-6H,(H4-,16,17,18,19,20)/p+1",VEVZSMAEJFVWIL-UHFFFAOYSA-O,"Black raspberry, elderberry, black chokeberry, cherry, saskatoon berry, bean, cloudberry, collard greens, cranberry black currant",FDB002602,1,0,1,0,0,0,0,0,0,0,0,0,0,0,0,0,0,0,0,0,0,0,0,0,0,0,0,0,0,0,0,0,0,0,0,0,0,0,0,0,0,0,0,0,0,0,0,0,0,0,2,Not in database,10.1080/10408398.2020.1763910
D-antroquinonol,CC1C(C(C(=C(C1=O)OC)OC)O)CC=C(C)CCC=C(C)CCC=C(C)C,"InChI=1S/C24H38O4/c1-16(2)10-8-11-17(3)12-9-13-18(4)14-15-20-19(5)21(25)23(27-6)24(28-7)22(20)26/h10,12,14,19-20,22,26H,8-9,11,13,15H2,1-7H3",LJTSIMVOOOLKOL-UHFFFAOYSA-N,"Antrodia cinnamomea, a type of mushroom",Not in database,1,0,0,0,0,0,0,0,0,0,0,0,0,0,0,0,0,0,0,0,0,0,0,0,0,0,0,0,0,0,0,0,0,0,0,0,0,0,0,0,0,0,0,0,0,0,0,0,0,0,1,CNP0190002,10.3390/nu13113714
Daidzein,Oc1ccc(cc1)C2=COc3cc(O)ccc3C2=O,"InChI=1S/C15H10O4/c16-10-3-1-9(2-4-10)13-8-19-14-7-11(17)5-6-12(14)15(13)18/h1-8,16-17H",ZQSIJRDFPHDXIC-UHFFFAOYSA-N,Soybeans and soy products,FDB002608,1,1,1,0,0,0,0,0,0,0,0,0,0,0,0,0,0,0,0,0,0,0,0,0,0,0,0,0,0,0,0,0,0,0,0,0,0,0,0,0,0,0,0,0,0,0,0,0,0,0,3,CNP0463899,10.1080/10408398.2020.1763910
Delphinidin,[Cl-].Oc1cc(O)c2cc(O)c([o+]c2c1)c3cc(O)c(O)c(O)c3,"InChI=1S/C15H10O7.ClH/c16-7-3-9(17)8-5-12(20)15(22-13(8)4-7)6-1-10(18)14(21)11(19)2-6;/h1-5H,(H5-,16,17,18,19,20,21);1H",FFNDMZIBVDSQFI-UHFFFAOYSA-N,"Berries (blueberries, strawberries, blackberries)",FDB002613,1,1,1,0,0,0,0,0,0,0,1,0,0,0,0,0,0,0,0,0,0,0,0,0,0,0,0,0,0,0,0,0,0,0,0,0,0,0,0,0,0,0,0,0,0,0,0,0,0,0,4,CNP0311793,10.3389/fgene.2021.758733
Diallyl disulfide ,C=CCSSCC=C,"InChI=1S/C6H10S2/c1-3-5-7-8-6-4-2/h3-4H,1-2,5-6H2",PFRGXCVKLLPLIP-UHFFFAOYSA-N,"Chives, garden onion, garden onion, garlic, green onion, red onion, soft neck garlic and Welsh onion",FDB012196,0,0,0,0,0,0,0,0,0,0,0,0,0,0,0,0,0,0,0,0,0,0,0,0,0,0,0,0,0,0,0,0,0,0,0,0,0,0,0,0,0,0,0,0,0,0,0,1,0,0,1,CNP0311793,10.1002/tcr.201800133
Docosahexaenoic acid (DHA),CCC=CCC=CCC=CCC=CCC=CCC=CCCC(=O)O,"InChI=1S/C22H32O2/c1-2-3-4-5-6-7-8-9-10-11-12-13-14-15-16-17-18-19-20-21-22(23)24/h3-4,6-7,9-10,12-13,15-16,18-19H,2,5,8,11,14,17,20-21H2,1H3,(H,23,24)/b4-3-,7-6-,10-9-,13-12-,16-15-,19-18-",MBMBGCFOFBJSGT-KUBAVDMBSA-N,"Fatty fish (salmon, mackerel, sardines)",FDB003003,1,1,1,0,0,0,0,0,0,0,0,0,0,0,0,0,0,0,0,0,0,0,0,0,0,0,0,0,0,0,0,0,0,0,0,0,0,0,0,0,0,0,0,0,0,0,0,0,0,0,3,CNP0165660,10.1007/s11356-021-15594-8
Eicosapentaenoic acid (EPA),CCC=CCC=CCC=CCC=CCC=CCCCC(=O)O,"InChI=1S/C20H30O2/c1-2-3-4-5-6-7-8-9-10-11-12-13-14-15-16-17-18-19-20(21)22/h3-4,6-7,9-10,12-13,15-16H,2,5,8,11,14,17-19H2,1H3,(H,21,22)/b4-3-,7-6-,10-9-,13-12-,16-15-",JAZBEHYOTPTENJ-JLNKQSITSA-N,"Fatty fish (salmon, mackerel, sardines)",FDB003102,1,1,1,0,0,0,0,0,1,0,0,0,0,0,0,0,0,0,0,0,0,0,0,0,0,0,0,0,0,0,0,0,0,0,0,0,0,0,0,0,0,0,0,0,0,0,0,0,0,0,4,CNP0214199,10.1007/s11356-021-15594-8
Ellagic acid (EA),C1=C2C3=C(C(=C1O)O)OC(=O)C4=CC(=C(C(=C43)OC2=O)O)O,"InChI=1S/C14H6O8/c15-5-1-3-7-8-4(14(20)22-11(7)9(5)17)2-6(16)10(18)12(8)21-13(3)19/h1-2,15-18H",AFSDNFLWKVMVRB-UHFFFAOYSA-N,"Berries (strawberries, raspberries, pomegranates)",FDB012575,1,0,0,0,0,0,0,0,0,0,0,0,0,0,0,0,1,0,0,0,0,0,0,0,0,0,0,0,0,0,0,0,0,0,0,0,0,0,0,0,0,0,0,0,0,0,0,0,0,0,2,CNP0224900,10.1007/s11356-021-15594-8
Emodin,Cc1cc(O)c2C(=O)c3c(O)cc(O)cc3C(=O)c2c1,"InChI=1S/C15H10O5/c1-6-2-8-12(10(17)3-6)15(20)13-9(14(8)19)4-7(16)5-11(13)18/h2-5,16-18H,1H3",RHMXXJGYXNZAPX-UHFFFAOYSA-N,Certain plants like rhubarb,FDB013862,1,1,0,0,0,0,0,0,0,0,0,0,0,0,0,0,0,0,0,0,0,0,0,0,0,0,0,0,0,0,0,0,0,0,0,0,0,0,0,0,0,0,0,0,0,0,0,0,0,0,2,CNP0191322,10.3390/nu13113714
Epiberberine,COc1cc2CC[n+]3cc4c(ccc5OCOc45)cc3c2cc1OC,"InChI=1S/C20H18NO4/c1-22-18-8-13-5-6-21-10-15-12(3-4-17-20(15)25-11-24-17)7-16(21)14(13)9-19(18)23-2/h3-4,7-10H,5-6,11H2,1-2H3/q+1",FPJQGFLUORYYPE-UHFFFAOYSA-N,"Plants like goldenseal, Oregon grape, barberry",Not in database,0,0,0,0,0,0,0,0,0,0,0,0,0,0,0,0,0,0,0,0,0,0,0,0,0,0,1,0,0,0,0,0,0,0,0,0,0,0,0,0,0,0,0,0,0,0,0,0,0,0,1,CNP0447698,10.1016/j.apsb.2020.06.007
Epicatechin,O[C@@H]1Cc2c(O)cc(O)cc2OC1c3ccc(O)c(O)c3,"InChI=1S/C15H14O6/c16-8-4-11(18)9-6-13(20)15(21-14(9)5-8)7-1-2-10(17)12(19)3-7/h1-5,13,15-20H,6H2/t13-,15?/m1/s1",PFTAWBLQPZVEMU-AFYYWNPRSA-N,"Dark chocolate, cocoa, some fruits",Not in database,0,0,0,0,0,0,0,0,0,0,0,0,0,1,0,0,0,0,0,0,0,0,0,0,0,0,0,0,0,0,0,0,0,0,0,0,0,0,0,0,0,0,0,0,0,0,0,0,0,0,1,CNP0293352,10.1007/s00011-020-01425-y
Epigallocatechin gallate,Oc1cc(O)c2C[C@@H](OC(=O)c3cc(O)c(O)c(O)c3)[C@H](Oc2c1)c4cc(O)c(O)c(O)c4,"InChI=1S/C22H18O11/c23-10-5-12(24)11-7-18(33-22(31)9-3-15(27)20(30)16(28)4-9)21(32-17(11)6-10)8-1-13(25)19(29)14(26)2-8/h1-6,18,21,23-30H,7H2/t18-,21-/m1/s1",WMBWREPUVVBILR-WIYYLYMNSA-N,Green tea,FDB004350,1,0,0,0,0,0,0,0,1,1,1,0,0,0,0,1,0,0,0,0,0,0,0,0,0,0,0,0,0,0,0,0,0,0,0,0,0,0,0,0,0,0,0,0,0,0,0,0,0,0,5,CNP0258703,"10.3389/fgene.2021.758733,10.1080/10408398.2021.1968786,10.3389/fgene.2022.960263,10.3390/ijms21114006,10.3389/fimmu.2020.01407,10.3390/ijms20030532,10.1159/000480636,10.1016/j.taap.2021.115467,10.3390/molecules25030467,10.3390/antiox10121859,10.1515/reveh-2016-0041,10.3390/antiox11010035,10.3390/plants11192524,10.1080/10408398.2020.1825286,10.1016/j.foodres.2019.108646,10.1186/s13148-019-0659-4"
Ethanol,CCO,"InChI=1S/C2H6O/c1-2-3/h3H,2H2,1H3",LFQSCWFLJHTTHZ-UHFFFAOYSA-N,"Alcoholic beverages, fermented sugars",FDB000753,0,0,0,0,0,0,0,0,0,0,0,0,0,0,0,0,0,0,0,0,0,0,0,0,0,0,0,0,0,0,0,0,0,0,0,0,0,0,0,0,0,0,0,0,0,0,0,0,0,1,1,Not in database,"10.1080/10408398.2020.1850416,10.1007/s12032-022-01789-7,10.1002/med.21881,10.1016/j.expneurol.2022.114121,10.3390/nu14245361,10.1016/bs.irn.2020.08.005,10.1002/bdr2.1743,10.1016/j.metabol.2021.154909,10.3390/ijms22105170,10.3389/fphys.2021.691738,10.1016/bs.irn.2020.08.002,10.3389/fmolb.2021.643273,10.1002/pd.5731,10.5114/ain.2020.104815,10.1007/s10528-019-09941-1,10.1016/j.semcdb.2018.05.025,10.1016/j.alcohol.2020.04.008,10.1093/eep/dvz022,10.1098/rsob.180115,10.1002/jcp.28229,10.1016/j.ijdevneu.2019.06.004,10.1111/bdi.12668,10.1016/bs.pmbts.2018.03.002,10.1111/jop.12642,10.1016/j.mrrev.2018.06.002,10.1002/jat.3504,10.1111/apa.14221,10.3389/fendo.2017.00178,10.1111/ajad.12465,10.1146/annurev-nutr-071715-051004,10.3390/genes8060150,10.5604/01.3001.0010.0274,10.1002/gch2.201700043,10.1615/JEnvironPatholToxicolOncol.2017020927,10.1080/10643389.2022.2129941,10.1111/acer.14972,10.1016/j.alcohol.2017.01.001,10.3390/ijms231911804,10.3390/nu12103118,10.1080/13543776.2020.1725470,10.1055/s-0040-1721814,10.1016/j.ymgme.2019.05.003,10.1093/advances/nmy025,10.1038/nrneurol.2016.187,10.1051/jbio/2017014,10.1016/j.coph.2019.10.007,10.1016/bs.irn.2021.06.008,10.3390/ijms21093223,10.3389/fped.2020.00359,10.1016/j.neubiorev.2020.08.018,10.1556/650.2019.31352,10.1139/bcb-2018-0248,10.1016/bs.pmbts.2017.11.024,10.3892/ol.2017.7597,10.1016/j.neuropharm.2017.02.002,10.3390/ijms18071386,10.3389/fimmu.2021.752359,10.1016/j.neubiorev.2018.07.004,10.2174/1568026616666160414124816,10.7150/ijbs.21047,10.1021/acs.jmedchem.7b00115,10.2174/1570159X19666211101111430,10.1007/978-3-319-43580-0_3,10.1177/1179069518779809,10.1017/S0029665118002914,10.1007/s40572-017-0130-7,10.1016/j.bcp.2017.06.113,10.1016/j.alcohol.2016.11.004,10.2174/1874473711666180402142012,10.1016/j.ijdevneu.2018.09.001"
Eugenol,COc1cc(CC=C)ccc1O,"InChI=1S/C10H12O2/c1-3-4-8-5-6-9(11)10(7-8)12-2/h3,5-7,11H,1,4H2,2H3",RRAFCDWBNXTKKO-UHFFFAOYSA-N,"Cloves, cinnamon, nutmeg, basil",FDB012171,1,0,0,0,0,0,0,0,0,0,0,0,0,0,0,0,0,0,0,0,0,0,0,0,0,0,0,0,0,0,0,0,0,0,0,0,0,0,0,0,0,0,0,0,0,0,0,0,0,0,1,CNP0134292,10.3390/nu13113714
Evodiamine,CN1[C@H]2N(CCc3c2[nH]c4ccccc34)C(=O)c5ccccc15,"InChI=1S/C19H17N3O/c1-21-16-9-5-3-7-14(16)19(23)22-11-10-13-12-6-2-4-8-15(12)20-17(13)18(21)22/h2-9,18,20H,10-11H2,1H3/t18-/m0/s1",TXDUTHBFYKGSAH-SFHVURJKSA-N,Evodia rutaecarpa (herb used in traditional Chinese medicine),Not in database,1,1,1,0,0,0,0,0,0,0,0,0,0,0,0,0,0,0,0,0,0,0,0,0,0,0,0,0,0,0,0,0,0,0,0,0,0,0,0,0,0,0,0,0,0,0,0,0,0,0,3,CNP0222109,10.3390/nu13113714
Fisetin,Oc1ccc2C(=O)C(=C(Oc2c1)c3ccc(O)c(O)c3)O,"InChI=1S/C15H10O6/c16-8-2-3-9-12(6-8)21-15(14(20)13(9)19)7-1-4-10(17)11(18)5-7/h1-6,16-18,20H",XHEFDIBZLJXQHF-UHFFFAOYSA-N,"Fruits and vegetables (strawberries, apples, onions)",FDB000624,1,0,0,0,0,0,0,0,0,0,0,0,0,0,0,0,0,0,0,0,0,0,0,0,0,0,0,0,0,0,0,0,0,0,0,0,0,0,0,0,0,0,0,0,0,1,0,0,0,0,2,CNP0276366,10.15430/JCP.2020.25.4.189
Folate,NC1=Nc2ncc(CNc3ccc(cc3)C(=O)N[C@@H](CCC([O-])=O)C(O)=O)nc2C(=O)N1,"InChI=1S/C19H19N7O6/c20-19-25-15-14(17(30)26-19)23-11(8-22-15)7-21-10-3-1-9(2-4-10)16(29)24-12(18(31)32)5-6-13(27)28/h1-4,8,12,21H,5-7H2,(H,24,29)(H,27,28)(H,31,32)(H3,20,22,25,26,30)/p-1/t12-/m0/s1",OVBPIULPVIDEAO-LBPRGKRZSA-M,"Leafy green vegetables, legumes, fortified grains, citrus fruits",Not in database,0,1,1,1,0,0,0,0,0,0,0,0,0,0,0,0,0,0,0,0,0,0,0,0,0,0,0,0,0,0,0,0,0,0,0,0,0,0,0,0,0,0,0,0,0,0,0,0,0,0,3,CNP0324599,"10.3390/cells11020214,10.3389/fnagi.2022.1048333,10.1016/j.drudis.2020.12.006,10.31403/rpgo.v66i2230,10.1158/1535-7163.MCT-20-0423,10.1084/jem.20181965,10.1530/REP-17-0537,10.1016/j.canlet.2018.05.045,10.3390/nu9080837,10.1186/s40104-017-0173-5,10.1016/j.cca.2017.09.001,10.3390/nu13124562,10.1152/physiol.00014.2022,10.1007/s10571-020-00979-z,10.3389/fgene.2022.985975,10.23736/S2724-5276.20.06166-6,10.21037/tau-20-592,10.3390/ijms21093290,10.3390/nu12103118,10.3168/jds.2019-17319,10.3390/nu12092867,10.1055/s-0040-1721814,10.1016/j.biochi.2019.07.008,10.1097/WCO.0000000000000752,10.1080/10408398.2017.1359488,10.1016/j.mad.2017.10.001,10.1097/MCO.0000000000000477,10.1093/nutrit/nuy006,10.3390/nu9020123,10.1016/j.encep.2016.07.007,10.1080/10408398.2019.1571480,10.1016/j.yfrne.2019.100773,10.1111/cge.13421,10.1016/j.mam.2016.11.007,10.3390/nu12092738,10.1016/j.placenta.2022.02.022,10.20960/nh.02810,10.1093/bib/bbw116"
Folic acid,NC1=Nc2ncc(CNc3ccc(cc3)C(=O)N[C@@H](CCC(O)=O)C(O)=O)nc2C(=O)N1,"InChI=1S/C19H19N7O6/c20-19-25-15-14(17(30)26-19)23-11(8-22-15)7-21-10-3-1-9(2-4-10)16(29)24-12(18(31)32)5-6-13(27)28/h1-4,8,12,21H,5-7H2,(H,24,29)(H,27,28)(H,31,32)(H3,20,22,25,26,30)/t12-/m0/s1",OVBPIULPVIDEAO-LBPRGKRZSA-N,"Leafy greens, legumes, fortified grains",FDB014504,1,1,1,0,0,0,0,0,0,0,0,0,0,0,0,0,0,0,0,0,0,0,0,0,0,0,0,0,0,0,0,0,0,0,0,0,0,0,0,0,0,0,0,0,0,0,0,0,0,0,3,CNP0327214,"10.1007/s11356-021-15594-8,10.3390/genes13010031,10.3389/fnut.2022.992986,10.12998/wjcc.v9.i36.11122,10.1016/j.cca.2020.11.013,10.3168/jds.2019-17319,10.1002/mnfr.201900377,10.2174/1871530319666190529101816,10.3390/ijms20020319,10.1155/2017/1670815,10.3390/nu9020123,10.3390/ijms24032346,10.3390/antiox11010035,10.3390/nu13124345,10.3390/nu9090962,10.6133/apjcn.202012_29(S1).01,10.2741/4636,10.1016/j.ijdevneu.2018.09.001"
Fructose,OC[C@@H](O)[C@@H](O)[C@H](O)C(=O)CO,"InChI=1S/C6H12O6/c7-1-3(9)5(11)6(12)4(10)2-8/h3,5-9,11-12H,1-2H2/t3-,5-,6-/m1/s1",BJHIKXHVCXFQLS-UYFOZJQFSA-N,"Fruits, honey, sweetened foods and beverages",FDB012528,0,0,0,0,0,0,0,0,0,0,0,0,0,1,0,0,0,0,0,0,0,0,0,0,0,0,0,0,0,0,0,0,0,0,0,0,0,0,0,0,0,0,0,0,0,0,0,0,0,0,1,CNP0188953,"10.1080/13813455.2020.1745851,10.3390/ijms21228761,10.1093/ckj/sfz106,10.1007/s00018-019-03390-0,10.1146/annurev-nutr-062220-025831,10.1007/s11255-017-1544-8"
Fucoidan,CC1C(C(C(C(O1)C)OS(=O)(=O)O)O)OC,"InChI=1S/C8H16O7S/c1-4-7(13-3)6(9)8(5(2)14-4)15-16(10,11)12/h4-9H,1-3H3,(H,10,11,12)/t4-,5+,6+,7-,8-/m1/s1",WZPKXSSMRAQGAC-DWOUCZDBSA-N,"Brown seaweed (kelp, kombu, wakame)",Not in database,1,1,1,0,0,0,0,0,0,0,0,0,0,0,0,0,0,0,0,0,0,0,0,0,0,0,0,0,0,0,0,0,0,0,0,0,0,0,0,0,0,0,0,0,0,0,0,0,0,0,3,CNP0233524,10.1007/s11356-021-15594-8
Fucoxanthin,CC(=O)O[C@H]1CC(C)(C)[C](=[C]=[CH]C(\C)=C\C=C\C(C)=C\C=C\C=C(C)\C=C\C=C(/C)C(=O)C[C@@]23O[C@]2(C)C[C@@H](O)CC3(C)C)[C@](C)(O)C1,"InChI=1S/C42H58O6/c1-29(18-14-19-31(3)22-23-37-38(6,7)26-35(47-33(5)43)27-40(37,10)46)16-12-13-17-30(2)20-15-21-32(4)36(45)28-42-39(8,9)24-34(44)25-41(42,11)48-42/h12-22,34-35,44,46H,24-28H2,1-11H3/b13-12+,18-14+,20-15+,29-16+,30-17+,31-19+,32-21+/t23?,34-,35-,40+,41+,42-/m0/s1",SJWWTRQNNRNTPU-ABBNZJFMSA-N,"Brown seaweed (wakame, hijiki, kombu)",FDB023058,0,0,0,0,0,0,0,0,0,0,0,0,0,0,0,0,0,0,0,0,0,0,0,0,0,0,0,0,0,0,0,0,0,0,0,0,0,0,0,0,0,0,0,0,0,0,1,0,0,0,1,CNP0133244,10.1007/s11356-021-15594-8
Fumarate,[O-]C(=O)/C=C/C([O-])=O,"InChI=1S/C4H4O4/c5-3(6)1-2-4(7)8/h1-2H,(H,5,6)(H,7,8)/p-2/b2-1+",VZCYOOQTPOCHFL-OWOJBTEDSA-L,"Fruits, vegetables, meat",FDB030865,0,0,0,0,0,0,0,0,0,0,0,0,0,1,0,0,0,0,0,0,0,0,0,0,0,0,0,0,0,0,0,0,0,0,0,0,0,0,0,0,0,0,0,0,0,1,0,0,0,0,2,Not in database,"10.1186/s13014-020-01638-9,10.1186/s13148-019-0702-5"
Galactose,OC[C@@H](O)[C@H](O)[C@H](O)[C@@H](O)C=O,"InChI=1S/C6H12O6/c7-1-3(9)5(11)6(12)4(10)2-8/h1,3-6,8-12H,2H2/t3-,4+,5+,6-/m0/s1",GZCGUPFRVQAUEE-KCDKBNATSA-N,"Dairy products, fruits, legumes",FDB012703,0,0,0,0,0,0,0,0,0,0,0,0,0,1,0,0,0,0,0,0,0,0,0,0,0,0,0,0,0,0,0,0,0,0,0,0,0,0,0,0,0,0,0,0,0,0,0,0,0,0,1,Not in database,10.5582/ddt.2019.01079
Gallic Acid,OC(=O)c1cc(O)c(O)c(O)c1,"InChI=1S/C7H6O5/c8-4-1-3(7(11)12)2-5(9)6(4)10/h1-2,8-10H,(H,11,12)",LNTHITQWFMADLM-UHFFFAOYSA-N,"Fruits (blueberries, strawberries, grapes)",FDB000662,1,0,1,0,0,0,0,0,0,0,0,0,0,0,0,0,0,0,0,0,0,0,0,0,0,0,0,0,0,0,0,0,0,0,0,0,0,0,0,0,0,0,0,0,0,0,0,0,0,0,2,CNP0274256,"10.3390/ijms20184567,10.3390/ijms231911712,10.1007/s00011-020-01425-y"
Garcinol,CC(C)=CC[C@@H](C[C@@]12C[C@@H](CC=C(C)C)C(C)(C)[C@@](CC=C(C)C)(C(=O)\C(=C(O)\c3ccc(O)c(O)c3)C1=O)C2=O)C(C)=C,"InChI=1S/C38H50O6/c1-22(2)11-13-27(25(7)8)20-37-21-28(15-12-23(3)4)36(9,10)38(35(37)44,18-17-24(5)6)34(43)31(33(37)42)32(41)26-14-16-29(39)30(40)19-26/h11-12,14,16-17,19,27-28,39-41H,7,13,15,18,20-21H2,1-6,8-10H3/b32-31-/t27-,28+,37+,38-/m0/s1",DTTONLKLWRTCAB-BZSUNBQASA-N,Garcinia indica fruit,FDB018674,0,0,0,1,0,0,0,0,0,0,0,0,0,0,0,0,0,0,0,0,0,0,0,0,0,0,0,0,0,0,0,0,0,0,0,0,0,0,0,0,0,0,0,0,0,0,0,0,0,0,1,CNP0174866,"10.3389/fonc.2020.605386,10.2217/epi-2018-0081"
Genistein,Oc1ccc(cc1)C2=COc3cc(O)cc(O)c3C2=O,"InChI=1S/C15H10O5/c16-9-3-1-8(2-4-9)11-7-20-13-6-10(17)5-12(18)14(13)15(11)19/h1-7,16-18H",TZBJGXHYKVUXJN-UHFFFAOYSA-N,Soybeans and soy products,FDB011828,1,0,0,0,0,0,0,0,1,0,0,0,1,1,0,0,0,0,0,0,0,0,0,0,0,0,0,0,0,0,0,0,0,0,0,0,0,0,0,0,0,0,0,0,0,0,0,0,0,0,4,CNP0394487,"10.3389/fgene.2021.758733,10.1016/j.nut.2020.111119,10.1155/2021/9995903,10.1016/j.taap.2021.115467,10.1007/978-3-030-20301-6_16,10.1080/10408398.2020.1825286,10.1016/j.foodres.2019.108646,10.1186/s13148-019-0659-4,10.1016/j.reprotox.2016.07.011"
Geranylgeranoic acid,CC(=CCCC(=CCCC(=CCCC(=CC(=O)O)C)C)C)C,"InChI=1S/C20H32O2/c1-16(2)9-6-10-17(3)11-7-12-18(4)13-8-14-19(5)15-20(21)22/h9,11,13,15H,6-8,10,12,14H2,1-5H3,(H,21,22)/b17-11+,18-13+,19-15+",SZNLKILVMCHHSD-OZFNKYQOSA-N,Not reported,Not reported,0,0,0,0,0,0,0,0,0,0,0,0,0,0,0,0,0,0,0,0,0,0,0,0,0,0,1,0,0,0,0,0,0,0,0,0,0,0,0,0,0,0,0,0,0,0,0,0,0,0,1,Not in database,"10.1016/j.apsb.2020.06.007, 10.1016/j.apsb.2020.06.007,"
Glucose,OC[C@@H](O)[C@@H](O)[C@H](O)[C@@H](O)C=O,"InChI=1S/C6H12O6/c7-1-3(9)5(11)6(12)4(10)2-8/h1,3-6,8-12H,2H2/t3-,4+,5+,6+/m0/s1",GZCGUPFRVQAUEE-SLPGGIOYSA-N,"Carbohydrate-rich foods (grains, fruits, starchy vegetables)",FDB093715,0,0,0,0,0,0,0,0,0,0,0,0,0,1,0,0,0,0,0,0,0,1,0,0,1,0,0,0,0,0,0,0,0,0,0,0,0,0,0,0,0,0,0,0,0,0,0,0,0,0,3,CNP0324595,"10.3389/fcell.2021.703671,10.3389/fphar.2021.759299,10.1186/s13317-020-00145-x,10.3390/cells9112403,10.3389/fonc.2020.00281,10.1080/10408363.2019.1699498,10.3390/cancers12123788,10.3390/ijms21113864,10.3390/ijms21186902,10.1186/s43042-020-00054-8,10.3389/fgene.2020.00993,10.1016/j.molmet.2019.06.007,10.1007/s11892-019-1214-6,10.1016/j.scispo.2019.10.002,10.3390/ncrna5010030,10.1186/s13046-019-1495-2,10.3390/nu11081872,10.2174/1871530319666190305131813,10.1002/ajmg.c.31678,10.1016/j.molmet.2019.10.005,10.1155/2019/3821409,10.1007/s00125-019-05011-8,10.1007/s11892-019-1168-8,10.3389/fonc.2019.00753,10.1097/HJH.0000000000002156,10.1016/j.cpcardiol.2017.05.001,10.1007/s10863-018-9751-2,10.1002/dvdy.24553,10.1007/s00125-017-4497-7,10.1038/s41574-018-0005-5,10.3389/fnut.2018.00025,10.1007/s00018-018-2760-9,10.1016/j.cnd.2018.07.004,10.3390/ijms19061647,10.1016/j.tem.2016.09.003,10.1186/s13148-017-0399-2,10.3390/ijms18122628,10.3390/nu9050437,10.3389/fgene.2016.00226,10.1155/2017/7267910,10.1093/nutrit/nuw033,10.1016/j.jped.2017.02.004,10.1159/000479510,10.1007/s00125-017-4360-x,10.1042/BSR20160611,10.1530/JOE-17-0039,10.1007/s10522-016-9670-8,10.1093/cvr/cvac058,10.2174/1568009616666160512145436,10.3389/fnut.2022.992986,10.5582/ddt.2019.01079,10.1111/obr.12817,10.1097/WCO.0000000000000752,10.3390/ijms20030532,10.1080/14728222.2019.1624721,10.3389/fendo.2018.00357,10.1007/s10863-017-9740-x,10.3389/fendo.2018.00217,10.3390/nu9020148,10.2174/1389450117666151209120345"
Glutamate,N[C@@H](CCC([O-])=O)C([O-])=O,"InChI=1S/C5H9NO4/c6-3(5(9)10)1-2-4(7)8/h3H,1-2,6H2,(H,7,8)(H,9,10)/p-2/t3-/m0/s1",WHUUTDBJXJRKMK-VKHMYHEASA-L,"Meat, fish, dairy products, soy sauce",FDB020321,0,0,0,0,0,0,0,0,0,0,0,0,0,0,0,0,0,0,0,0,0,0,0,1,0,0,0,0,0,0,0,0,0,0,0,0,0,0,0,0,0,0,0,0,0,0,0,0,0,0,1,Not in database,"10.1007/s11011-021-00719-2,10.1016/j.freeradbiomed.2020.07.017,10.1016/j.biopsych.2019.11.001,10.3934/genet.2018.3.177,10.1093/ijnp/pyx052,10.3390/ijms21176252,10.2147/NDT.S203103,10.1021/acschemneuro.9b00044,10.3389/fnmol.2018.00423,10.1016/j.psychres.2017.07.059,10.1016/j.ynstr.2016.08.004"
Glutamic Acid,N[C@@H](CCC(O)=O)C(O)=O,"InChI=1S/C5H9NO4/c6-3(5(9)10)1-2-4(7)8/h3H,1-2,6H2,(H,7,8)(H,9,10)/t3-/m0/s1",WHUUTDBJXJRKMK-VKHMYHEASA-N,"Protein-rich foods (meat, fish, dairy products, legumes)",FDB012536,0,0,0,0,0,0,0,0,0,0,0,0,0,0,0,0,0,0,0,0,0,0,0,0,0,0,0,0,0,0,0,0,0,1,0,0,0,0,0,0,0,0,0,0,0,0,0,0,0,0,1,CNP0191057,10.1016/j.banm.2020.04.004
Gossypol,CC(C)c1c(O)c(O)c(C=O)c2c(O)c(c(C)cc12)c3c(C)cc4c(C(C)C)c(O)c(O)c(C=O)c4c3O,"InChI=1S/C30H30O8/c1-11(2)19-15-7-13(5)21(27(35)23(15)17(9-31)25(33)29(19)37)22-14(6)8-16-20(12(3)4)30(38)26(34)18(10-32)24(16)28(22)36/h7-12,33-38H,1-6H3",QBKSWRVVCFFDOT-UHFFFAOYSA-N,Cottonseed,FDB000742,0,0,0,0,0,0,0,0,0,0,0,0,0,0,0,0,0,0,0,0,0,0,0,0,0,0,0,0,0,0,0,0,0,0,0,0,0,0,0,0,0,0,0,0,0,0,0,1,0,0,1,CNP0219436,10.1016/j.taap.2021.115467
Grifolin,CCC(C)(O)C(O)\C=C\C=C(C)\CCC=C(C)C,"InChI=1S/C22H32O2/c1-16(2)8-6-9-17(3)10-7-11-18(4)12-13-20-21(23)14-19(5)15-22(20)24/h8,10,12,14-15,23-24H,6-7,9,11,13H2,1-5H3/b17-10+,18-12+",PZHNKNRPGLTZPO-VZRGJMDUSA-N,"Fungus (Grifola frondosa, commonly known as maitake)",FDB002311,1,0,0,0,0,0,0,0,0,0,0,0,0,0,0,0,0,0,0,0,0,0,0,0,0,0,0,0,0,0,0,0,0,0,0,0,0,0,0,0,0,0,0,0,0,0,0,0,0,0,1,CNP0225987,"10.3390/nu13113714,10.4103/1995-7645.272482"
Guggulsterone,CC=C1C(=O)CC2C1(CCC3C2CCC4=CC(=O)CCC34C)C,"InChI=1S/C21H28O2/c1-4-16-19(23)12-18-15-6-5-13-11-14(22)7-9-20(13,2)17(15)8-10-21(16,18)3/h4,11,15,17-18H,5-10,12H2,1-3H3/b16-4+/t15-,17+,18+,20+,21-/m1/s1",WDXRGPWQVHZTQJ-OSJVMJFVSA-N,"Anatidae, beefalo, bison, buffalo, beef, chicken, pigeon, deer, domestic goat, and domestic pig",FDB023055,1,1,1,0,0,0,0,0,1,0,0,0,0,0,0,0,0,0,0,0,0,0,0,0,0,0,0,0,0,0,0,0,0,0,0,0,0,0,0,0,0,0,0,0,0,0,0,0,0,0,4,CNP0225987,10.1007/s11356-021-15594-8
Harmalin,COc1ccc2c3CCN=C(C)c3[nH]c2c1,"InChI=1S/C13H14N2O/c1-8-13-11(5-6-14-8)10-4-3-9(16-2)7-12(10)15-13/h3-4,7,15H,5-6H2,1-2H3",RERZNCLIYCABFS-UHFFFAOYSA-N,Not commonly found in dietary sources,Not in database,1,0,0,0,0,0,0,0,0,0,0,0,0,0,0,0,0,0,0,0,0,0,0,0,0,0,0,0,0,0,0,0,0,0,0,0,0,0,0,0,0,0,0,0,0,0,0,0,0,0,1,CNP0140888,10.3390/nu13113714
Harmine,CC1=NC=CC2=C1NC3=C2C=CC(=C3)OC,"InChI=1S/C13H12N2O/c1-8-13-11(5-6-14-8)10-4-3-9(16-2)7-12(10)15-13/h3-7,15H,1-2H3",BXNJHAXVSOCGBA-UHFFFAOYSA-N,Not reported,Not in database,1,0,0,0,0,0,0,0,0,0,0,0,0,0,0,0,0,0,0,0,0,0,0,0,0,0,0,0,0,0,0,0,0,0,0,0,0,0,0,0,0,0,0,0,0,0,0,0,0,0,1,CNP0330726,"10.3390/nu13113714,"
Hesperidin,COc1ccc(cc1O)[C@@H]2CC(=O)c3c(O)cc(O[C@@H]4O[C@H](CO[C@@H]5O[C@@H](C)[C@H](O)[C@@H](O)[C@H]5O)[C@@H](O)[C@H](O)[C@H]4O)cc3O2,"InChI=1S/C28H34O15/c1-10-21(32)23(34)25(36)27(40-10)39-9-19-22(33)24(35)26(37)28(43-19)41-12-6-14(30)20-15(31)8-17(42-18(20)7-12)11-3-4-16(38-2)13(29)5-11/h3-7,10,17,19,21-30,32-37H,8-9H2,1-2H3/t10-,17-,19+,21-,22+,23+,24-,25+,26+,27+,28+/m0/s1",QUQPHWDTPGMPEX-QJBIFVCTSA-N,"Citrus fruits (oranges, lemons, grapefruits)",FDB002680,0,0,0,0,0,0,0,0,0,0,0,0,0,0,0,0,0,0,0,0,0,0,0,0,0,0,0,0,0,0,0,0,0,0,0,0,0,0,0,0,0,0,0,0,0,0,1,1,0,0,2,CNP0146660,10.3390/ijms20184567
Hinokitiol,CC(C)C1=CC(=O)C(=CC=C1)O,"InChI=1S/C10H12O2/c1-7(2)8-4-3-5-9(11)10(12)6-8/h3-7H,1-2H3,(H,11,12)",FUWUEFKEXZQKKA-UHFFFAOYSA-N,Hinoki cypress tree,FDB013860,1,0,0,0,0,0,0,0,0,0,0,0,0,0,0,0,0,0,0,0,0,0,0,0,0,0,0,0,0,0,0,0,0,0,0,0,0,0,0,0,0,0,0,0,0,0,0,0,0,0,1,CNP0187845,10.3390/nu13113714
Honokiol,Oc1ccc(cc1CC=C)c2cc(CC=C)ccc2O,"InChI=1S/C18H18O2/c1-3-5-13-7-9-18(20)16(11-13)14-8-10-17(19)15(12-14)6-4-2/h3-4,7-12,19-20H,1-2,5-6H2",FVYXIJYOAGAUQK-UHFFFAOYSA-N,Magnolia tree bark,Not in database,0,0,0,0,0,0,0,0,0,0,0,0,0,0,0,0,0,0,0,0,0,0,0,0,0,0,0,0,0,0,0,0,0,0,0,0,0,0,0,0,0,0,0,0,0,0,1,0,0,0,1,CNP0085440,10.1007/s11356-021-15594-8
Indicaxanthin,OC(=O)[C@@H]1CC(=CC=[N+]2CCC[C@H]2C([O-])=O)C=C(N1)C(O)=O,"InChI=1S/C14H16N2O6/c17-12(18)9-6-8(7-10(15-9)13(19)20)3-5-16-4-1-2-11(16)14(21)22/h3,5-6,10-11H,1-2,4,7H2,(H3,17,18,19,20,21,22)/t10-,11-/m0/s1",RJIIQBYZGJSODH-QWRGUYRKSA-N,Prickly pear cactus fruits,Not in database,1,0,0,0,0,0,0,0,0,0,0,0,0,0,0,0,0,0,0,0,0,0,0,0,0,0,0,0,0,0,0,0,0,0,0,0,0,0,0,0,0,0,0,0,0,0,0,0,0,0,1,CNP0106378,10.3390/nu13113714
Indole-3-Acetic Acid,OC(=O)Cc1c[nH]c2ccccc12,"InChI=1S/C10H9NO2/c12-10(13)5-7-6-11-9-4-2-1-3-8(7)9/h1-4,6,11H,5H2,(H,12,13)",SEOVTRFCIGRIMH-UHFFFAOYSA-N,Plant hormone; not obtained from diet,FDB000933,0,0,0,0,0,0,0,0,0,0,0,0,0,0,0,0,0,0,0,0,0,0,0,0,0,0,0,0,0,0,0,0,0,0,0,0,0,0,0,0,0,0,0,0,0,0,0,0,0,1,1,CNP0284198,10.1007/s11103-020-00985-1
Indole-3-carbinol,OCc1c[nH]c2ccccc12,"InChI=1S/C9H9NO/c11-6-7-5-10-9-4-2-1-3-8(7)9/h1-5,10-11H,6H2",IVYPNXXAYMYVSP-UHFFFAOYSA-N,"Cruciferous vegetables (broccoli, cauliflower, cabbage)",FDB000939,0,0,0,0,0,0,0,0,1,1,1,0,0,0,0,1,0,0,0,0,0,0,0,0,0,0,0,0,0,0,0,0,0,0,0,0,0,0,0,0,0,0,0,0,0,0,0,0,0,0,4,CNP0234211,"10.1016/j.taap.2021.115467,10.3390/plants11192524"
Inositol,OC1C(O)C(O)C(O)C(O)C1O,InChI=1S/C6H12O6/c7-1-2(8)4(10)6(12)5(11)3(1)9/h1-12H,CDAISMWEOUEBRE-UHFFFAOYSA-N,"Fruits, grains, nuts, beans",FDB001138,0,0,0,0,0,0,0,0,0,0,0,0,0,1,0,0,0,0,0,0,0,0,0,0,0,0,0,0,0,0,0,0,0,0,0,0,0,0,0,0,0,0,0,0,0,0,0,0,0,0,1,CNP0254016,"10.3390/nu14081543,10.1080/10408398.2017.1359488"
Inositol hexaphosphate (IP6),C1(C(C(C(C(C1OP(=O)(O)O)OP(=O)(O)O)OP(=O)(O)O)OP(=O)(O)O)OP(=O)(O)O)OP(=O)(O)O,"InChI=1S/C6H18O24P6/c7-31(8,9)25-1-2(26-32(10,11)12)4(28-34(16,17)18)6(30-36(22,23)24)5(29-35(19,20)21)3(1)27-33(13,14)15/h1-6H,(H2,7,8,9)(H2,10,11,12)(H2,13,14,15)(H2,16,17,18)(H2,19,20,21)(H2,22,23,24)",IMQLKJBTEOYOSI-UHFFFAOYSA-N,"Bran, whole grains, legumes",FDB000374,1,0,0,0,0,0,0,0,1,0,0,0,0,0,0,0,0,0,0,0,0,0,0,0,0,0,0,0,0,0,0,0,0,0,0,0,0,0,0,0,0,0,0,0,0,0,0,0,0,0,2,CNP0213801,10.1007/s11356-021-15594-8
Isoliquiritigenin,Oc1ccc(cc1)/C=C/C(=O)c2ccc(O)cc2O,"InChI=1S/C15H12O4/c16-11-4-1-10(2-5-11)3-8-14(18)13-7-6-12(17)9-15(13)19/h1-9,16-17,19H/b8-3+",DXDRHHKMWQZJHT-FPYGCLRLSA-N,"Licorice root, certain plants like soybeans and peanuts",FDB016335,1,0,0,0,0,0,0,0,0,0,0,0,0,0,0,0,0,0,0,0,0,0,0,0,0,0,0,0,0,0,0,0,0,0,0,0,0,0,0,0,0,0,0,0,0,1,0,0,0,0,2,CNP0180599,10.3390/biom11081176
Isoquercitrin ,OC[C@H]1O[C@@H](OC2=C(Oc3cc(O)cc(O)c3C2=O)c4ccc(O)c(O)c4)[C@H](O)[C@@H](O)[C@@H]1O,"InChI=1S/C21H20O12/c22-6-13-15(27)17(29)18(30)21(32-13)33-20-16(28)14-11(26)4-8(23)5-12(14)31-19(20)7-1-2-9(24)10(25)3-7/h1-5,13,15,17-18,21-27,29-30H,6H2/t13-,15-,17+,18-,21+/m1/s1",OVSQVDMCBVZWGM-QSOFNFLRSA-N,"Fruits (apples, berries, grapes)",FDB016389,0,0,0,0,0,0,0,0,0,0,0,0,0,0,0,0,0,0,0,0,0,0,0,0,0,0,1,0,0,0,0,0,0,0,0,0,0,0,0,0,0,0,0,0,0,0,0,0,0,0,1,CNP0187953,10.1016/j.apsb.2020.06.007
Isothiocyanate,[N-]=C=S,InChI=1S/CNS/c2-1-3/q-1,ZBKFYXZXZJPWNQ-UHFFFAOYSA-N,"Cruciferous vegetables (broccoli, cabbage, Brussels sprouts)",Not in database,0,0,0,0,0,0,0,0,0,0,0,0,0,0,0,0,0,0,0,0,0,0,0,0,0,0,0,0,0,0,0,0,0,0,0,0,0,0,0,0,0,0,0,0,0,0,0,0,0,1,1,Not in database,"10.1007/s12079-017-0401-y,10.20960/nh.02810"
Jasmonic Acid,CC\C=C/C[C@@H]1[C@H](CCC1=O)CC(O)=O,"InChI=1S/C12H18O3/c1-2-3-4-5-10-9(8-12(14)15)6-7-11(10)13/h3-4,9-10H,2,5-8H2,1H3,(H,14,15)/b4-3-/t9-,10-/m1/s1",ZNJFBWYDHIGLCU-HWKXXFMVSA-N,Plant hormone; not obtained from diet,FDB015493,0,0,0,0,0,0,0,0,0,0,0,0,0,0,0,0,0,0,0,0,0,0,0,0,0,0,0,0,0,0,0,0,0,0,0,0,0,0,0,0,0,0,0,0,0,0,0,0,0,1,1,CNP0264098,"10.1016/j.pbi.2020.06.007,10.3390/ijms23137031,10.1007/s13562-021-00739-0,10.1016/j.jplph.2017.03.018"
Kaempferol,Oc1ccc(cc1)C2=C(O)C(=O)c3c(O)cc(O)cc3O2,"InChI=1S/C15H10O6/c16-8-3-1-7(2-4-8)15-14(20)13(19)12-10(18)5-9(17)6-11(12)21-15/h1-6,16-18,20H",IYRMWMYZSQPJKC-UHFFFAOYSA-N,"Fruits (apples, grapes, berries), vegetables (onions, broccoli)",FDB000633,1,0,1,0,0,0,0,0,0,0,0,1,0,0,1,1,0,0,0,0,0,0,0,0,0,0,0,0,0,0,0,0,0,0,0,0,0,0,0,0,0,0,0,0,0,0,0,0,0,0,5,CNP0109153,"10.3389/fgene.2021.758733,10.3390/ijms231911712,10.1155/2021/9995903"
Laccaic Acid,CCc1c(O)c2C(=O)c3cc(O)c(C(O)=O)c(C(O)=O)c3C(=O)c2c(O)c1C(C)=O,"InChI=1S/C20H14O10/c1-3-6-9(5(2)21)17(25)14-13(15(6)23)16(24)7-4-8(22)11(19(27)28)12(20(29)30)10(7)18(14)26/h4,22-23,25H,3H2,1-2H3,(H,27,28)(H,29,30)",RHAXKFFKGZJUOE-UHFFFAOYSA-N,Resin secreted by the lac insect,Not in database,1,0,0,0,0,0,0,0,1,0,0,0,0,0,0,0,0,0,0,0,0,0,0,0,0,0,0,0,0,0,0,0,0,0,0,0,0,0,0,0,0,0,0,0,0,0,0,0,0,0,2,CNP0194582,10.3390/nu13113714
Lactate,CC(O)C([O-])=O,"InChI=1S/C3H6O3/c1-2(4)3(5)6/h2,4H,1H3,(H,5,6)/p-1",JVTAAEKCZFNVCJ-UHFFFAOYSA-M,"Fermented foods (yogurt, sauerkraut, pickles)",FDB000880,0,0,0,0,0,0,0,0,0,0,0,0,0,1,0,0,0,0,0,0,0,1,0,0,0,0,0,0,0,0,0,0,0,0,0,0,0,0,0,0,0,0,0,0,0,0,0,0,0,0,2,Not in database,10.3389/fonc.2020.00045
Lactose,OCC1OC(OC2C(O)C(O)C(O)OC2CO)C(O)C(O)C1O,"InChI=1S/C12H22O11/c13-1-3-5(15)6(16)9(19)12(22-3)23-10-4(2-14)21-11(20)8(18)7(10)17/h3-20H,1-2H2",GUBGYTABKSRVRQ-UHFFFAOYSA-N,Milk and dairy products,FDB001145,0,0,0,0,0,0,0,0,0,0,0,0,0,0,0,0,0,0,0,0,0,0,0,0,0,0,0,0,0,0,0,0,0,0,0,0,0,0,0,0,0,0,0,0,0,0,0,0,0,1,1,CNP0226604,10.5582/ddt.2019.01079
Lentinan,OC[C@H]1O[C@@H](OC[C@H]2O[C@@H](O)[C@H](O)[C@@H](O[C@@H]3O[C@H](CO)[C@@H](O)[C@H](O[C@@H]4O[C@H](CO)[C@@H](O)[C@H](O[C@@H]5O[C@H](CO[C@@H]6O[C@H](CO)[C@@H](O)[C@H](O)[C@H]6O)[C@@H](O)[C@H](O[C@@H]7O[C@H](CO)[C@@H](O)[C@H](O)[C@H]7O)[C@H]5O)[C@H]4O)[C@H]3O)[C@@H]2O)[C@H](O)[C@@H](O)[C@@H]1O,"InChI=1S/C42H72O36/c43-1-8-15(48)22(55)25(58)37(69-8)66-6-13-20(53)32(28(61)36(65)68-13)75-40-29(62)33(18(51)11(4-46)72-40)77-41-30(63)34(19(52)12(5-47)73-41)78-42-31(64)35(76-39-27(60)24(57)17(50)10(3-45)71-39)21(54)14(74-42)7-67-38-26(59)23(56)16(49)9(2-44)70-38/h8-65H,1-7H2/t8-,9-,10-,11-,12-,13-,14-,15-,16-,17-,18-,19-,20-,21-,22+,23+,24+,25-,26-,27-,28-,29-,30-,31-,32+,33+,34+,35+,36-,37-,38-,39+,40+,41+,42+/m1/s1",MAXBMUKIXLNXGX-DMWITZOWSA-N,Shiitake mushrooms,Not in database,0,0,0,0,0,0,0,0,0,0,0,0,0,0,0,0,0,0,0,0,0,0,0,0,0,0,0,0,0,0,0,0,0,0,0,0,0,0,0,0,0,0,0,0,0,0,0,0,0,1,1,Not in database,10.4103/1995-7645.272482
Linoleic acid,CCCCC/C=C\C\C=C/CCCCCCCC(O)=O,"InChI=1S/C18H32O2/c1-2-3-4-5-6-7-8-9-10-11-12-13-14-15-16-17-18(19)20/h6-7,9-10H,2-5,8,11-17H2,1H3,(H,19,20)/b7-6-,10-9-",OYHQOLUKZRVURQ-HZJYTTRNSA-N,"Vegetable oils (corn oil, soybean oil, sunflower oil)",FDB006287,1,1,1,0,0,0,0,0,0,0,0,0,0,0,0,0,0,0,0,0,0,0,0,0,0,0,0,0,0,0,0,0,0,0,0,0,0,0,0,0,0,0,0,0,0,0,0,0,0,0,3,CNP0279503,"10.1007/s11356-021-15594-8,10.1515/reveh-2016-0041"
Loliolide,CC1(C)C[C@H](O)C[C@@]2(C)OC(=O)C=C12,"InChI=1S/C11H16O3/c1-10(2)5-7(12)6-11(3)8(10)4-9(13)14-11/h4,7,12H,5-6H2,1-3H3/t7-,11+/m0/s1",XEVQXKKKAVVSMW-WRWORJQWSA-N,"Fruits (strawberries, grapes, pineapple)",FDB004536,0,0,0,0,0,0,0,0,0,0,0,0,0,0,0,0,0,0,0,0,0,0,0,0,0,0,0,0,0,0,0,0,0,0,0,0,0,0,0,0,0,0,0,0,0,0,0,0,0,1,1,CNP0245641,10.2174/1568026622666220119111538
Lutein,CC(=C\C=C\C=C(C)\C=C\C=C(C)\C=C\C1=C(C)C[C@@H](O)CC1(C)C)/C=C/C=C(C)/C=C/[C@H]2C(=C[C@H](O)CC2(C)C)C,"InChI=1S/C40H56O2/c1-29(17-13-19-31(3)21-23-37-33(5)25-35(41)27-39(37,7)8)15-11-12-16-30(2)18-14-20-32(4)22-24-38-34(6)26-36(42)28-40(38,9)10/h11-25,35-37,41-42H,26-28H2,1-10H3/b12-11+,17-13+,18-14+,23-21+,24-22+,29-15+,30-16+,31-19+,32-20+/t35-,36+,37-/m0/s1",KBPHJBAIARWVSC-RGZFRNHPSA-N,"Green leafy vegetables, corn, egg yolks",FDB015471,0,0,0,0,0,0,0,0,0,0,0,0,0,1,0,0,0,0,0,0,0,0,0,0,0,0,0,0,0,0,0,0,0,0,0,0,0,0,0,0,0,0,0,0,0,0,0,0,0,0,1,CNP0216202,10.1016/j.nutres.2021.04.007
Luteolin,Oc1cc(O)c2C(=O)C=C(Oc2c1)c3ccc(O)c(O)c3,"InChI=1S/C15H10O6/c16-8-4-11(19)15-12(20)6-13(21-14(15)5-8)7-1-2-9(17)10(18)3-7/h1-6,16-19H",IQPNAANSBPBGFQ-UHFFFAOYSA-N,"Parsley, thyme, celery, peppers",FDB013255,0,0,0,0,0,0,0,0,1,0,1,0,0,0,0,0,0,0,0,0,0,0,0,0,0,0,0,0,0,0,0,0,0,0,0,0,0,0,0,0,0,0,0,0,0,0,0,0,0,0,2,CNP0151679,"10.3389/fgene.2021.758733,10.1002/ptr.7044,10.1007/s00011-020-01425-y,10.1155/2021/9995903"
Lycopene,CC(C)=CCC\C(C)=C\C=C\C(C)=C\C=C\C(C)=C\C=C\C=C(C)\C=C\C=C(C)\C=C\C=C(C)\CCC=C(C)C,"InChI=1S/C40H56/c1-33(2)19-13-23-37(7)27-17-31-39(9)29-15-25-35(5)21-11-12-22-36(6)26-16-30-40(10)32-18-28-38(8)24-14-20-34(3)4/h11-12,15-22,25-32H,13-14,23-24H2,1-10H3/b12-11+,25-15+,26-16+,31-17+,32-18+,35-21+,36-22+,37-27+,38-28+,39-29+,40-30+",OAIJSZIZWZSQBC-GYZMGTAESA-N,"Tomatoes, watermelon, pink grapefruit",FDB014534,0,1,0,0,0,0,0,0,0,0,0,0,0,0,0,0,0,0,0,0,0,0,0,0,0,0,0,0,0,0,0,0,0,0,0,0,0,0,0,0,0,0,0,0,0,0,0,0,0,0,1,CNP0269118,"10.1007/s11356-021-15594-8,10.1093/advances/nmac060,10.3390/plants11192524"
Mahanine,CC1=CC2=C(C3=C1OC(C=C3)(C)CCC=C(C)C)NC4=C2C=CC(=C4)O,"InChI=1S/C23H25NO2/c1-14(2)6-5-10-23(4)11-9-18-21-19(12-15(3)22(18)26-23)17-8-7-16(25)13-20(17)24-21/h6-9,11-13,24-25H,5,10H2,1-4H3",DWMBXHWBPZZCTN-UHFFFAOYSA-N,"Mahanimbine, an alkaloid found in curry leaves",FDB018272,1,0,1,0,0,0,0,0,0,0,0,0,0,0,0,0,0,0,0,0,0,0,0,0,0,0,0,0,0,0,0,0,0,0,0,0,0,0,0,0,0,0,0,0,0,0,0,0,0,0,2,CNP0439103,10.3390/nu13113714
Malvidin,[Cl-].COc1cc(cc(OC)c1O)c2[o+]c3cc(O)cc(O)c3cc2O,"InChI=1S/C17H14O7/c1-22-14-3-8(4-15(23-2)16(14)21)17-12(20)7-10-11(19)5-9(18)6-13(10)24-17/h3-7H,1-2H3,(H3-,18,19,20,21)/p+1",KZMACGJDUUWFCH-UHFFFAOYSA-O,"Berries (blueberries, blackberries, cranberries)",FDB002713,1,0,1,0,0,0,0,0,0,0,0,0,0,0,0,0,0,0,0,0,0,0,0,0,0,0,0,0,0,0,0,0,0,0,0,0,0,0,0,0,0,0,0,0,0,0,0,0,0,0,2,CNP0352168,10.1080/10408398.2020.1763910
Matairesinol,COc1cc(C[C@H]2COC(=O)[C@@H]2Cc3ccc(O)c(OC)c3)ccc1O,"InChI=1S/C20H22O6/c1-24-18-9-12(3-5-16(18)21)7-14-11-26-20(23)15(14)8-13-4-6-17(22)19(10-13)25-2/h3-6,9-10,14-15,21-22H,7-8,11H2,1-2H3/t14-,15+/m0/s1",MATGKVZWFZHCLI-LSDHHAIUSA-N,"Flaxseed, sesame seeds, whole grains",FDB014539,0,0,0,0,0,0,0,0,0,0,0,0,0,0,0,0,0,0,0,0,0,0,0,0,0,0,0,0,0,0,0,0,0,0,0,0,0,0,0,0,0,0,0,0,0,0,0,1,0,0,1,CNP0139257,10.3389/fgene.2019.00079
Melatonin,COc1ccc2[nH]cc(CCNC(C)=O)c2c1,"InChI=1S/C13H16N2O2/c1-9(16)14-6-5-10-8-15-13-4-3-11(17-2)7-12(10)13/h3-4,7-8,15H,5-6H2,1-2H3,(H,14,16)",DRLFMBDRBRZALE-UHFFFAOYSA-N,"Tart cherries, walnuts, almonds, oats",FDB004234,0,0,0,0,0,0,0,0,0,0,0,0,0,0,0,0,0,0,0,0,0,0,0,0,0,0,1,0,0,0,0,0,0,0,0,0,0,0,0,0,0,0,0,0,0,0,0,0,0,0,1,CNP0105429,"10.1016/j.apsb.2020.06.007,10.1016/j.phrs.2022.106371,10.3389/fgene.2022.968919,10.3390/ijms22042058,10.3390/diseases9020027,10.3390/antiox10020210,10.3390/cells9030599,10.1134/S1819712419030036,10.1002/med.21582,10.3390/cancers11111712,10.3390/ijms18020426,10.3389/fphar.2022.867500,10.1007/s42000-020-00197-8,10.1016/j.lfs.2021.120191,10.3390/antiox11010035,10.1016/j.arr.2017.09.006"
Methionine,CSCC[C@H](N)C(O)=O,"InChI=1S/C5H11NO2S/c1-9-3-2-4(6)5(7)8/h4H,2-3,6H2,1H3,(H,7,8)/t4-/m0/s1",FFEARJCKVFRZRR-BYPYZUCNSA-N,"Meat, fish, eggs, legumes",FDB012683,0,0,0,0,0,0,0,0,0,0,0,0,0,0,0,0,0,0,0,0,0,0,0,0,0,0,0,0,0,0,0,0,0,0,0,0,0,0,0,0,0,0,0,0,0,0,0,0,0,1,1,CNP0217457,"10.3390/ijms23137156,10.3390/metabo11020083,10.1016/j.neuint.2021.105099,10.3389/fnins.2019.00274,10.1016/bs.pmbts.2017.12.012,10.1080/15592294.2018.1503491,10.1016/j.arr.2021.101500,10.23736/S2724-5276.20.06166-6,10.3390/ijms21093290,10.3390/nu12092867,10.1002/mnfr.201900377,10.1016/bs.ircmb.2019.05.001,10.1093/nutrit/nuy006,10.3389/fendo.2018.00217,10.1155/2017/1670815,10.3390/ijms24032346,10.1016/j.mam.2016.11.007,10.2174/1389203720666190125110150"
Myricetin,Oc1cc(O)c2C(=O)C(=C(Oc2c1)c3cc(O)c(O)c(O)c3)O,"InChI=1S/C15H10O8/c16-6-3-7(17)11-10(4-6)23-15(14(22)13(11)21)5-1-8(18)12(20)9(19)2-5/h1-4,16-20,22H",IKMDFBPHZNJCSN-UHFFFAOYSA-N,"Berries (cranberries, blueberries), grapes, onions",FDB012724,1,0,0,0,0,0,0,0,0,0,0,0,0,0,0,0,0,0,0,0,0,0,0,0,0,0,0,0,0,0,0,0,0,0,0,0,0,0,0,0,0,0,0,0,0,0,0,0,0,0,1,Not in database,"10.1080/10408398.2020.1763910,10.1155/2021/9995903"
Naringenin triacetate,CC(=O)OC1=CC=C(C=C1)C2CC(=O)C3=C(O2)C=C(C=C3OC(=O)C)OC(=O)C,"InChI=1S/C21H18O8/c1-11(22)26-15-6-4-14(5-7-15)18-10-17(25)21-19(28-13(3)24)8-16(27-12(2)23)9-20(21)29-18/h4-9,18H,10H2,1-3H3",HQZXCNZZVRAEPO-UHFFFAOYSA-N,"Citrus fruits (grapefruits, oranges)",Not in database,0,0,0,0,0,0,0,0,0,0,0,0,0,0,0,0,0,0,0,0,0,0,0,0,0,0,0,0,0,0,0,0,0,0,0,0,0,0,0,0,0,0,0,0,0,1,0,0,0,0,1,CNP0150794,10.15430/JCP.2020.25.4.189
Niacin,OC(=O)c1cccnc1,"InChI=1S/C6H5NO2/c8-6(9)5-2-1-3-7-4-5/h1-4H,(H,8,9)",PVNIIMVLHYAWGP-UHFFFAOYSA-N,"Meat, poultry, fish, whole grains, legumes",FDB001014,0,0,0,0,0,0,0,0,0,0,0,0,0,1,0,0,0,0,0,0,0,0,0,0,0,0,0,0,0,0,0,0,0,1,0,0,0,0,0,0,0,0,0,0,0,0,0,0,0,0,2,CNP0319168,10.1080/10408398.2020.1712674
Nicotinamide,NC(=O)c1cccnc1,"InChI=1S/C6H6N2O/c7-6(9)5-2-1-3-8-4-5/h1-4H,(H2,7,9)",DFPAKSUCGFBDDF-UHFFFAOYSA-N,"Meat, poultry, fish, dairy products",FDB012485,1,0,0,0,0,0,0,0,0,0,0,0,0,0,0,0,0,0,0,0,0,0,0,0,0,0,0,0,0,0,0,0,0,0,0,0,0,0,0,0,0,0,0,0,0,0,0,0,0,0,1,CNP0295308,"10.3390/nu13113714,10.3390/medicina58010016"
Nordihydroguaiaretic acid,C[C@H](Cc1ccc(O)c(O)c1)[C@@H](C)Cc2ccc(O)c(O)c2,"InChI=1S/C18H22O4/c1-11(7-13-3-5-15(19)17(21)9-13)12(2)8-14-4-6-16(20)18(22)10-14/h3-6,9-12,19-22H,7-8H2,1-2H3",HCZKYJDFEPMADG-UHFFFAOYSA-N,Creosote bush (Larrea tridentata),FDB011903,0,0,0,0,0,0,0,0,0,0,0,0,0,0,0,0,0,0,0,0,0,0,0,0,0,0,0,0,0,0,0,0,0,0,0,0,0,0,0,0,0,0,0,0,0,0,1,0,0,0,1,Not in database,10.1007/s11356-021-15594-8
Oleacein,CC=C(C=O)C(CC=O)CC(=O)OCCC1=CC(=C(C=C1)O)O,"InChI=1S/C17H20O6/c1-2-13(11-19)14(5-7-18)10-17(22)23-8-6-12-3-4-15(20)16(21)9-12/h2-4,7,9,11,14,20-21H,5-6,8,10H2,1H3/b13-2+",XLPXUPOZUYGVPD-XNJYKOPJSA-N,Extra virgin olive oil,FDB016341,0,0,0,0,0,0,0,0,0,0,0,0,0,0,0,0,0,0,0,0,0,0,0,0,0,0,1,0,0,0,0,0,0,0,0,0,0,0,0,0,0,0,0,0,0,0,0,0,0,0,1,CNP0212480,10.1007/s11356-021-15594-8
Oleic Acid,CCCCCCCC\C=C/CCCCCCCC(O)=O,"InChI=1S/C18H34O2/c1-2-3-4-5-6-7-8-9-10-11-12-13-14-15-16-17-18(19)20/h9-10H,2-8,11-17H2,1H3,(H,19,20)/b10-9-",ZQPPMHVWECSIRJ-KTKRTIGZSA-N,"Olive oil, avocados, nuts, seeds",FDB012858,0,0,0,0,0,0,0,0,0,0,0,0,0,0,0,0,0,0,0,0,0,0,0,0,0,0,0,0,0,0,0,0,0,1,0,0,0,0,0,0,0,0,0,0,0,0,0,0,0,0,1,CNP0142072,10.3390/nu15010224
Oleuropein,COC(=O)C1=CO[C@@H](O[C@@H]2O[C@H](CO)[C@@H](O)[C@H](O)[C@H]2O)C(=C\C)/[C@@H]1CC(=O)OCCc3ccc(O)c(O)c3,"InChI=1S/C25H32O13/c1-3-13-14(9-19(29)35-7-6-12-4-5-16(27)17(28)8-12)15(23(33)34-2)11-36-24(13)38-25-22(32)21(31)20(30)18(10-26)37-25/h3-5,8,11,14,18,20-22,24-28,30-32H,6-7,9-10H2,1-2H3/b13-3-/t14-,18+,20+,21-,22+,24-,25-/m0/s1",RFWGABANNQMHMZ-WLFYAOHHSA-N,"Olives, olive leaves",FDB014653,0,0,0,0,0,0,0,0,0,0,0,0,0,1,0,0,0,0,0,0,0,0,0,0,0,0,0,0,0,0,0,0,0,0,0,0,0,0,0,0,0,0,0,0,0,0,0,0,0,0,1,CNP0209991,10.1093/advances/nmac067
Palmitic Acid,CCCCCCCCCCCCCCCC(O)=O,"InChI=1S/C16H32O2/c1-2-3-4-5-6-7-8-9-10-11-12-13-14-15-16(17)18/h2-15H2,1H3,(H,17,18)",IPCSVZSSVZVIGE-UHFFFAOYSA-N,"Meat, dairy products, palm oil",Not in database,0,0,0,0,0,0,0,0,0,0,0,0,0,0,0,0,0,0,0,0,0,0,0,0,0,0,0,0,0,0,0,0,0,0,0,0,0,0,0,0,0,0,0,0,0,0,0,0,0,1,1,CNP0420987,"10.1007/s13668-022-00402-7,10.3390/ijms19123820"
Palmitoleic Acid,CCCCCC\C=C/CCCCCCCC(O)=O,"InChI=1S/C16H30O2/c1-2-3-4-5-6-7-8-9-10-11-12-13-14-15-16(17)18/h7-8H,2-6,9-15H2,1H3,(H,17,18)/b8-7-",SECPZKHBENQXJG-FPLPWBNLSA-N,"Animal fats, vegetable oils",FDB031085,0,0,0,0,0,0,0,0,0,0,0,0,0,0,0,0,0,0,0,0,0,0,0,0,0,0,0,0,0,0,0,0,0,0,0,0,0,0,0,0,0,0,0,0,0,0,0,0,0,1,1,CNP0307038,10.2174/1389450117666151209120345
Pantothenic Acid,CC(C)(CO)[C@@H](O)C(=O)NCCC(O)=O,"InChI=1S/C9H17NO5/c1-9(2,5-11)7(14)8(15)10-4-3-6(12)13/h7,11,14H,3-5H2,1-2H3,(H,10,15)(H,12,13)/t7-/m0/s1",GHOKWGTUZJEAQD-ZETCQYMHSA-N,"Meat, poultry, fish, whole grains, legumes, vegetables",FDB008322,0,0,0,0,0,0,0,0,0,0,0,0,0,0,0,0,0,0,0,0,0,0,0,0,0,0,0,0,0,0,0,0,0,0,0,0,0,0,0,0,0,0,0,0,0,0,0,0,0,1,1,CNP0153142,10.1080/10408398.2020.1712674
Papaverine,COc1ccc(Cc2nccc3cc(OC)c(OC)cc23)cc1OC,"InChI=1S/C20H21NO4/c1-22-17-6-5-13(10-18(17)23-2)9-16-15-12-20(25-4)19(24-3)11-14(15)7-8-21-16/h5-8,10-12H,9H2,1-4H3",XQYZDYMELSJDRZ-UHFFFAOYSA-N,Opium poppy plant,FDB000447,0,0,0,0,0,0,0,0,0,0,0,0,0,1,0,0,0,0,0,0,0,0,0,0,0,0,0,0,0,0,0,0,0,0,0,0,0,0,0,0,0,0,0,0,0,0,0,0,0,0,1,CNP0102713,10.1016/j.cellsig.2017.07.018
Parthenolide,C\C1=C\CC[C@@]2(C)O[C@H]2[C@H]3OC(=O)C(=C)[C@@H]3CC1,"InChI=1S/C15H20O3/c1-9-5-4-8-15(3)13(18-15)12-11(7-6-9)10(2)14(16)17-12/h5,11-13H,2,4,6-8H2,1,3H3/b9-5+/t11-,12-,13+,15+/m0/s1",KTEXNACQROZXEV-PVLRGYAZSA-N,Feverfew plant,FDB005891,1,0,0,0,0,0,0,0,1,0,0,0,0,0,0,0,0,0,0,0,0,0,0,0,0,0,0,0,0,0,0,0,0,0,0,0,0,0,0,0,0,0,0,0,0,0,0,0,0,0,2,CNP0448123,"10.3390/nu13113714,10.1016/j.taap.2021.115467"
Pelargonidin,[Cl-].Oc1ccc(cc1)c2[o+]c3cc(O)cc(O)c3cc2O,"InChI=1S/C15H10O5/c16-9-3-1-8(2-4-9)15-13(19)7-11-12(18)5-10(17)6-14(11)20-15/h1-7H,(H3-,16,17,18,19)/p+1",XVFMGWDSJLBXDZ-UHFFFAOYSA-O,"Fruits (strawberries, cherries, raspberries)",FDB012426,1,0,1,0,0,0,0,0,0,0,0,0,0,0,0,0,0,0,0,0,0,0,0,0,0,0,0,0,0,0,0,0,0,0,0,0,0,0,0,0,0,0,0,0,0,0,0,0,0,0,2,CNP0320914,10.1080/10408398.2020.1763910
Peperomin E,COC1=CC(=CC2=C1OCO2)C(C3COC(=O)C3=C)C4=CC5=C(C(=C4)OC)OCO5,"InChI=1S/C22H20O8/c1-11-14(8-26-22(11)23)19(12-4-15(24-2)20-17(6-12)27-9-29-20)13-5-16(25-3)21-18(7-13)28-10-30-21/h4-7,14,19H,1,8-10H2,2-3H3/t14-/m1/s1",HSEIBOLBSKVJFP-CQSZACIVSA-N,"Piperaceae family of plants (black pepper, long pepper)",Not in database,1,0,0,0,0,0,0,0,0,0,0,0,0,0,0,0,0,0,0,0,0,0,0,0,0,0,0,0,0,0,0,0,0,0,0,0,0,0,0,0,0,0,0,0,0,0,0,0,0,0,1,Not in database,10.1007/s11356-021-15594-8
Phenethyl isothiocyanate (PEITC),C1=CC=C(C=C1)CCN=C=S,"InChI=1S/C9H9NS/c11-8-10-7-6-9-4-2-1-3-5-9/h1-5H,6-7H2",IZJDOKYDEWTZSO-UHFFFAOYSA-N,"Cruciferous vegetables (broccoli, cabbage, kale)",FDB004307,0,0,0,0,0,0,0,0,1,0,0,0,0,0,0,0,0,0,0,0,0,0,0,0,0,0,0,0,0,0,0,0,0,0,0,0,0,0,0,0,0,0,0,0,0,0,0,0,0,0,1,CNP0379475,"10.3390/nu13113714, 10.1158/1940-6207.CAPR-20-0217"
Phloretin,Oc1ccc(CCC(=O)c2c(O)cc(O)cc2O)cc1,"InChI=1S/C15H14O5/c16-10-4-1-9(2-5-10)3-6-12(18)15-13(19)7-11(17)8-14(15)20/h1-2,4-5,7-8,16-17,19-20H,3,6H2",VGEREEWJJVICBM-UHFFFAOYSA-N,"Apples, pears, strawberries",FDB015553,1,1,1,0,0,0,0,0,1,0,0,0,0,0,0,0,0,0,0,0,0,0,0,0,0,0,0,0,0,0,0,0,0,0,0,0,0,0,0,0,0,0,0,0,0,0,0,0,0,0,4,CNP0290030,10.3389/fgene.2019.00079
Phlorizin ,OC[C@H]1O[C@@H](Oc2cc(O)cc(O)c2C(=O)CCc3ccc(O)cc3)[C@H](O)[C@@H](O)[C@@H]1O,"InChI=1S/C21H24O10/c22-9-16-18(27)19(28)20(29)21(31-16)30-15-8-12(24)7-14(26)17(15)13(25)6-3-10-1-4-11(23)5-2-10/h1-2,4-5,7-8,16,18-24,26-29H,3,6,9H2/t16-,18-,19+,20-,21-/m1/s1",IOUVKUPGCMBWBT-QNDFHXLGSA-N,"Mexican oregano, European plum, apple, pomegranate, apricot, abalone, abiyuch, acerola, acorn, and adzuki bean",FDB015554,1,1,1,0,0,0,0,0,1,0,0,0,0,0,0,0,0,0,0,0,0,0,0,0,0,0,0,0,0,0,0,0,0,0,0,0,0,0,0,0,0,0,0,0,0,0,0,0,0,0,4,CNP0171967,10.3389/fgene.2019.00079
Piceatannol,Oc1cc(O)cc(\C=C\c2ccc(O)c(O)c2)c1,"InChI=1S/C14H12O4/c15-11-5-10(6-12(16)8-11)2-1-9-3-4-13(17)14(18)7-9/h1-8,15-18H/b2-1+",CDRPUGZCRXZLFL-OWOJBTEDSA-N,"Grapes, red wine",FDB012295,0,1,1,0,0,0,0,0,0,0,0,0,0,0,0,0,0,0,0,0,0,0,0,0,0,0,0,0,0,0,0,0,0,0,0,0,0,0,0,0,0,0,0,0,0,0,0,0,0,0,2,CNP0201090,10.1016/j.taap.2021.115467
Pomiferin,CC(C)=CCc1c(O)c2C(=O)C(=COc2c3C=CC(C)(C)Oc13)c4ccc(O)c(O)c4,"InChI=1S/C25H24O6/c1-13(2)5-7-15-21(28)20-22(29)17(14-6-8-18(26)19(27)11-14)12-30-24(20)16-9-10-25(3,4)31-23(15)16/h5-6,8-12,26-28H,7H2,1-4H3",GHCZYXUOYFOXIP-UHFFFAOYSA-N,Osage orange fruit,Not in database,0,0,0,0,0,0,0,0,0,0,0,0,0,0,0,0,0,0,0,0,0,0,0,0,0,0,0,0,0,0,0,0,0,0,0,0,0,0,0,0,0,0,0,0,0,0,0,0,1,0,1,Not in database,10.1002/tcr.201800133
Proanthocyanidins,COc1c(O)cc(cc1O)C2Oc3c(C[C@H]2O)c(O)cc(O)c3[C@@H]4[C@@H](O)[C@H](Oc5cc(O)cc(O)c45)c6ccc(O)cc6,"InChI=1S/C30H26O13/c31-14-7-19(35)16-11-25(28(41-23(16)9-14)12-1-3-17(33)20(36)5-12)43-30(13-2-4-18(34)21(37)6-13)29(40)27(39)26-22(38)8-15(32)10-24(26)42-30/h1-10,25,27-29,31-40H,11H2",HGVVOUNEGQIPMS-UHFFFAOYSA-N,"Berries, grapes, cocoa",FDB007223,0,0,0,0,0,0,0,0,0,0,0,0,0,0,0,0,0,0,0,0,0,0,0,0,0,0,0,0,0,0,0,0,0,0,0,0,0,0,0,0,0,0,0,0,0,0,1,0,0,0,1,Not in database,10.1007/s11356-021-15594-8
Procyanidin B2,OC1Cc2c(O)cc(O)c([C@@H]3C(O)C(Oc4cc(O)cc(O)c34)c5ccc(O)c(O)c5)c2OC1c6ccc(O)c(O)c6,"InChI=1S/C30H26O12/c31-13-7-20(37)24-23(8-13)41-29(12-2-4-16(33)19(36)6-12)27(40)26(24)25-21(38)10-17(34)14-9-22(39)28(42-30(14)25)11-1-3-15(32)18(35)5-11/h1-8,10,22,26-29,31-40H,9H2/t22-,26-,27-,28-,29-/m1/s1",XFZJEEAOWLFHDH-NFJBMHMQSA-N,"Apples, grapes, red wine",FDB012204,0,0,0,0,0,0,0,0,0,0,0,0,0,0,0,0,0,0,0,0,0,0,0,0,0,0,0,0,0,0,0,0,0,0,0,0,0,0,0,0,0,0,0,0,0,0,1,0,0,0,1,CNP0410482,10.1007/s11356-021-15594-8
Prostaglandin E2 (PGE2),CCCCCC(C=CC1C(CC(=O)C1CC=CCCCC(=O)O)O)O,"InChI=1S/C20H32O5/c1-2-3-6-9-15(21)12-13-17-16(18(22)14-19(17)23)10-7-4-5-8-11-20(24)25/h4,7,12-13,15-17,19,21,23H,2-3,5-6,8-11,14H2,1H3,(H,24,25)/b7-4-,13-12+/t15-,16+,17+,19+/m0/s1",XEYBRNLFEZDVAW-ARSRFYASSA-N,"Abalone, abiyuch, acerola, acorn, adzuki bean, agar, agave, alaskan blueberry, alaskan wild rhubarb, and alfalfa",FDB022498,1,1,1,0,0,0,0,0,0,0,0,0,0,0,0,0,0,0,0,0,0,0,0,0,0,0,0,0,0,0,0,0,0,0,0,0,0,0,0,0,0,0,0,0,0,0,0,0,0,0,3,CNP0106089,10.1007/s11356-021-15594-8
Psilocybin,CN(C)CCc1c[nH]c2cccc(O[P](O)(O)=O)c12,"InChI=1S/C12H17N2O4P/c1-14(2)7-6-9-8-13-10-4-3-5-11(12(9)10)18-19(15,16)17/h3-5,8,13H,6-7H2,1-2H3,(H2,15,16,17)",QVDSEJDULKLHCG-UHFFFAOYSA-N,Certain species of mushrooms,Not in database,0,0,0,0,0,0,0,0,0,0,0,0,0,0,0,0,0,0,0,0,0,0,0,0,0,0,0,0,0,0,0,0,0,0,0,0,0,0,0,0,0,0,0,0,0,0,0,0,0,1,1,CNP0163590,10.4103/1995-7645.272482
Pterostilbene,COc1cc(OC)cc(\C=C\c2ccc(O)cc2)c1,"InChI=1S/C16H16O3/c1-18-15-9-13(10-16(11-15)19-2)4-3-12-5-7-14(17)8-6-12/h3-11,17H,1-2H3/b4-3+",VLEUZFDZJKSGMX-ONEGZZNKSA-N,"Blueberries, grapes, almonds, peanuts",FDB012375,0,0,0,0,0,0,0,0,0,0,0,0,0,0,0,0,0,0,0,1,0,0,0,0,0,0,0,0,0,0,0,0,0,0,0,0,0,0,0,0,0,0,0,0,0,0,0,0,0,0,1,CNP0171505,"10.3390/ijms20184567,10.1002/biof.1401"
Pyridoxine,Cc1ncc(CO)c(CO)c1O,"InChI=1S/C8H11NO3/c1-5-8(12)7(4-11)6(3-10)2-9-5/h2,10-12H,3-4H2,1H3",LXNHXLLTXMVWPM-UHFFFAOYSA-N,"Meat, poultry, fish, whole grains, bananas, nuts",FDB000574,0,0,0,0,0,0,0,0,0,0,0,0,0,1,0,0,0,0,0,0,0,0,0,0,0,0,0,0,0,0,0,0,0,0,0,0,0,0,0,0,0,0,0,0,0,0,0,0,0,0,1,CNP0297581,"10.3390/ijms20020319,10.1007/s10571-020-00979-z,10.3390/ijms24032346,10.1016/j.mam.2016.11.007,10.3390/nu12092738"
Quercetin,Oc1cc(O)c2C(=O)C(=C(Oc2c1)c3ccc(O)c(O)c3)O,"InChI=1S/C15H10O7/c16-7-4-10(19)12-11(5-7)22-15(14(21)13(12)20)6-1-2-8(17)9(18)3-6/h1-5,16-19,21H",REFJWTPEDVJJIY-UHFFFAOYSA-N,"Onions, apples, berries, grapes, citrus fruits",FDB011904,1,1,0,0,0,0,0,0,1,0,0,0,0,0,0,0,0,0,0,1,0,0,0,0,0,0,0,0,0,0,0,0,0,0,0,0,0,0,0,0,0,0,0,0,0,0,0,0,0,0,4,CNP0215502,"10.3389/fgene.2021.758733,10.3390/ijms231911712,10.3389/fgene.2022.960263,10.3390/plants11192524,10.2174/1568026622666220119111538,10.1155/2021/9995903,10.3390/antiox10121859,10.2217/epi-2018-0081,10.1016/j.taap.2021.115467,10.1080/10408398.2020.1825286,10.1002/ptr.7069"
R-Lipoic Acid,OC(=O)CCCC[C@@H]1CCSS1,"InChI=1S/C8H14O2S2/c9-8(10)4-2-1-3-7-5-6-11-12-7/h7H,1-6H2,(H,9,10)/t7-/m1/s1",AGBQKNBQESQNJD-SSDOTTSWSA-N,"Spinach, broccoli, tomatoes, organ meats",FDB022631,0,0,0,0,0,0,0,0,0,0,0,0,0,0,0,0,0,0,0,0,0,0,0,0,0,0,0,0,0,0,0,0,0,0,0,0,0,0,0,0,0,0,0,0,0,0,0,0,0,1,1,CNP0120491,10.1016/j.arr.2017.09.006
Reserpine,CO[C@H]1[C@@H](C[C@@H]2CN3CCc4c([nH]c5cc(OC)ccc45)[C@H]3C[C@@H]2[C@@H]1C(=O)OC)OC(=O)c6cc(OC)c(OC)c(OC)c6,"InChI=1S/C33H40N2O9/c1-38-19-7-8-20-21-9-10-35-16-18-13-27(44-32(36)17-11-25(39-2)30(41-4)26(12-17)40-3)31(42-5)28(33(37)43-6)22(18)15-24(35)29(21)34-23(20)14-19/h7-8,11-12,14,18,22,24,27-28,31,34H,9-10,13,15-16H2,1-6H3/t18-,22+,24-,27-,28+,31+/m1/s1",QEVHRUUCFGRFIF-MDEJGZGSSA-N,Rauwolfia serpentina plant (used in traditional medicine),Not in database,1,1,1,0,0,0,0,0,0,0,0,0,0,0,0,0,0,0,0,0,0,0,0,0,0,0,0,0,0,0,0,0,0,0,0,0,0,0,0,0,0,0,0,0,0,0,0,0,0,0,3,CNP0247661,"10.3390/nu13113714,10.3390/antiox9090865"
Resveratrol,Oc1ccc(cc1)C=Cc2cc(O)cc(O)c2,"InChI=1S/C14H12O3/c15-12-5-3-10(4-6-12)1-2-11-7-13(16)9-14(17)8-11/h1-9,15-17H/b2-1+",LUKBXSAWLPMMSZ-OWOJBTEDSA-N,"Grapes, red wine, peanuts",FDB031212,0,0,0,0,0,0,0,0,0,0,1,0,0,0,0,0,0,0,0,1,0,0,0,0,0,0,0,0,0,0,0,0,0,0,0,0,0,0,0,0,0,0,0,0,0,1,0,0,0,0,3,CNP0206886,"10.3390/biom11081176,10.1016/j.arr.2021.101271,10.3389/fphar.2018.01201,10.3390/molecules27217524,10.3390/ijms231911712,10.1039/d2fo00186a,10.3389/fgene.2022.960263,10.3390/plants11192524,10.1186/s11658-021-00301-9,10.1007/s00011-020-01425-y,10.1155/2021/9995903,10.3390/antiox10121859,10.3390/nu12030761,10.3390/ijms21114006,10.3389/fimmu.2020.01407,10.2217/epi-2018-0081,10.1007/s10522-019-09817-2,10.1016/j.taap.2021.115467,10.3390/biomedicines10010170,10.1002/biof.1401,10.3390/antiox9090865,10.1007/978-3-030-20301-6_16,10.1080/10408398.2020.1825286,10.3389/fonc.2018.00644,10.1002/ptr.7069,10.1016/j.foodres.2019.108646,10.1186/s13148-019-0659-4,10.1016/j.phrs.2019.104350"
Retinoic Acid,CC1=C(\C=C\C(C)=C\C=C\C(C)=C\C(O)=O)C(C)(C)CCC1,"InChI=1S/C20H28O2/c1-15(8-6-9-16(2)14-19(21)22)11-12-18-17(3)10-7-13-20(18,4)5/h6,8-9,11-12,14H,7,10,13H2,1-5H3,(H,21,22)/b9-6+,12-11+,15-8+,16-14+",SHGAZHPCJJPHSC-YCNIQYBTSA-N,"Animal-based foods (liver, fish oils)",FDB022710,0,0,0,0,0,0,0,0,0,0,0,0,0,0,0,0,0,0,0,0,0,0,0,0,0,0,0,0,0,0,0,0,0,0,0,0,0,0,0,0,0,0,0,0,0,0,0,0,0,1,1,CNP0209779,"10.3389/fmed.2022.712313,10.3390/cancers12113158,10.3390/jcm9103187,10.1242/dmm.037051,10.1002/14651858.CD011960.pub2,10.1016/j.jaut.2017.12.007,10.1155/2017/3684178,10.1134/S0006297917060086,10.1039/d2fo00822j,10.1146/annurev-pharmtox-052120-104428,10.3390/jpm11030211,10.2174/1871530319666190529101816,10.1080/10408398.2015.1060940"
Retinol,CC(=C\CO)/C=C/C=C(C)/C=C/C1=C(C)CCCC1(C)C,"InChI=1S/C20H30O/c1-16(8-6-9-17(2)13-15-21)11-12-19-18(3)10-7-14-20(19,4)5/h6,8-9,11-13,21H,7,10,14-15H2,1-5H3/b9-6+,12-11+,16-8+,17-13+",FPIPGXGPPPQFEQ-OVSJKPMPSA-N,"Animal-based foods (liver, fish oils, dairy products, eggs)",FDB013828,0,0,0,0,0,0,0,0,0,0,0,0,0,1,0,0,0,0,0,0,0,0,0,0,0,0,0,0,0,0,0,0,0,0,0,0,0,0,0,0,0,0,0,0,0,0,0,0,0,0,1,CNP0254958,"10.3389/fendo.2018.00357,10.3390/nu9030246,10.1038/nrgastro.2017.38,10.3389/fnut.2022.992986,10.1146/annurev-pharmtox-052120-104428,10.3390/jpm11030211,10.2174/1871530319666190529101816,10.1093/advances/nmy025,10.1556/650.2017.30855,10.1080/10408398.2015.1060940,10.1080/10408398.2020.1712674,10.1016/j.yfrne.2019.100773,10.3390/nu9090962,10.1007/978-981-10-5526-3_2,10.3390/nu12092738,10.2174/1872312814999211130093625"
S-Allylcysteine (SAC),C=CCSCC(C(=O)O)N,"InChI=1S/C6H11NO2S/c1-2-3-10-4-5(7)6(8)9/h2,5H,1,3-4,7H2,(H,8,9)/t5-/m0/s1",ZFAHNWWNDFHPOH-YFKPBYRVSA-N,"Softneck garlic, garden onion, garlic, green onion, red onion, and welsh onion",FDB012675,0,0,0,0,0,0,0,0,0,0,0,0,0,0,0,0,0,0,0,0,0,0,0,0,0,0,0,0,0,0,0,0,0,0,0,0,0,0,0,0,0,0,0,0,0,0,1,0,0,0,1,CNP0283362,10.1007/s11356-021-15594-8
Saikosaponin A,C[C@H]1O[C@@H](O[C@H]2CC[C@@]3(C)[C@@H](CC[C@]4(C)[C@@H]3C=C[C@]56OC[C@@]7(CCC(C)(C)C[C@@H]57)[C@@H](O)C[C@@]46C)[C@]2(C)CO)[C@H](O)[C@@H](O[C@@H]8O[C@H](CO)[C@@H](O)[C@H](O)[C@H]8O)[C@H]1O,"InChI=1S/C42H68O13/c1-21-28(46)33(55-34-31(49)30(48)29(47)22(18-43)53-34)32(50)35(52-21)54-27-10-11-37(4)23(38(27,5)19-44)8-12-39(6)24(37)9-13-42-25-16-36(2,3)14-15-41(25,20-51-42)26(45)17-40(39,42)7/h9,13,21-35,43-50H,8,10-12,14-20H2,1-7H3/t21-,22-,23-,24-,25-,26+,27+,28+,29-,30+,31-,32-,33+,34+,35+,37+,38+,39-,40+,41-,42+/m1/s1",KYWSCMDFVARMPN-MSSMMRRTSA-N,Bupleurum falcatum (Chinese medicinal herb),Not in database,0,0,0,0,0,0,0,0,0,0,0,0,0,0,0,0,0,0,0,0,0,0,0,0,0,0,0,0,0,0,0,0,0,0,0,0,0,0,0,0,0,0,0,0,0,0,0,0,0,1,1,CNP0102764,10.2174/0929867328666210707165530
Salicylic Acid,OC(=O)c1ccccc1O,"InChI=1S/C7H6O3/c8-6-4-2-1-3-5(6)7(9)10/h1-4,8H,(H,9,10)",YGSDEFSMJLZEOE-UHFFFAOYSA-N,"Fruits, vegetables, herbs (berries, citrus fruits, tomatoes, willow bark)",FDB000882,0,0,0,0,0,0,0,0,0,0,0,0,0,0,0,0,0,0,0,0,0,0,0,0,0,0,0,0,0,0,0,0,0,0,0,0,0,0,0,0,0,0,0,0,0,0,0,0,0,1,1,CNP0230203,"10.1093/jxb/eraa072,10.3390/ijms23137031,10.3390/cells10050979,10.1007/s13562-021-00739-0,10.1016/j.jplph.2017.03.018"
Salvianolic Acid A,OC(=O)[C@@H](Cc1ccc(O)c(O)c1)OC(=O)\C=C\c2ccc(O)c(O)c2\C=C\c3ccc(O)c(O)c3,"InChI=1S/C26H22O10/c27-18-7-2-14(11-21(18)30)1-6-17-16(4-9-20(29)25(17)33)5-10-24(32)36-23(26(34)35)13-15-3-8-19(28)22(31)12-15/h1-12,23,27-31,33H,13H2,(H,34,35)/b6-1+,10-5+/t23-/m1/s1",YMGFTDKNIWPMGF-UCPJVGPRSA-N,"Danshen (Salvia miltiorrhiza, Chinese medicinal herb)",Not in database,0,0,0,0,0,0,0,0,0,0,0,0,0,0,0,0,0,0,0,0,0,0,0,0,0,0,0,0,0,0,0,0,0,0,0,0,0,0,0,0,0,0,0,0,0,0,0,0,0,1,1,CNP0232078,10.7150/ijbs.37467
Salvianolic Acid B,OC(=O)[C@@H](Cc1ccc(O)c(O)c1)OC(=O)/C=C/c2ccc(O)c3O[C@H]([C@H](C(=O)OC(Cc4ccc(O)c(O)c4)C(O)=O)c23)c5ccc(O)c(O)c5,"InChI=1S/C36H30O16/c37-20-6-1-16(11-24(20)41)13-27(34(45)46)50-29(44)10-5-18-3-9-23(40)33-30(18)31(32(52-33)19-4-8-22(39)26(43)15-19)36(49)51-28(35(47)48)14-17-2-7-21(38)25(42)12-17/h1-12,15,27-28,31-32,37-43H,13-14H2,(H,45,46)(H,47,48)/b10-5+/t27-,28?,31-,32+/m1/s1",SNKFFCBZYFGCQN-RDHSGEKBSA-N,"Danshen (Salvia miltiorrhiza, Chinese medicinal herb)",FDB030001,0,0,0,0,0,0,0,0,0,0,0,0,0,0,0,0,0,0,0,0,0,0,0,0,0,0,1,0,0,0,0,0,0,0,0,0,0,0,0,0,0,0,0,0,0,0,0,0,0,0,1,CNP0222282,10.7150/ijbs.37467
Secoisolariciresinol,COc1cc(C[C@@H](CO)[C@H](CO)Cc2ccc(O)c(OC)c2)ccc1O,"InChI=1S/C20H26O6/c1-25-19-9-13(3-5-17(19)23)7-15(11-21)16(12-22)8-14-4-6-18(24)20(10-14)26-2/h3-6,9-10,15-16,21-24H,7-8,11-12H2,1-2H3/t15-,16-/m0/s1",PUETUDUXMCLALY-HOTGVXAUSA-N,"Flaxseed, sesame seeds",FDB012660,0,0,0,0,0,0,0,0,0,0,0,0,0,0,0,0,0,0,0,0,0,0,0,0,0,0,0,0,0,0,0,0,0,0,0,0,0,0,0,0,0,0,0,0,0,0,0,1,0,0,1,Not in database,10.3389/fgene.2019.00079
Selenium (Se),[Se],InChI=1S/Se,BUGBHKTXTAQXES-UHFFFAOYSA-N,"Brazil nuts, seafood, organ meats",FDB013400,1,1,1,0,0,0,0,0,0,0,0,0,0,0,0,0,0,0,0,0,0,0,0,0,0,0,0,0,0,0,0,0,0,0,0,0,0,0,0,0,0,0,0,0,0,0,0,0,0,0,3,Not in database,10.1007/s11356-021-15594-8
Shikonin,CC(C)=CCC(O)C1=CC(=O)c2c(O)ccc(O)c2C1=O,"InChI=1S/C16H16O5/c1-8(2)3-4-10(17)9-7-13(20)14-11(18)5-6-12(19)15(14)16(9)21/h3,5-7,10,17-19H,4H2,1-2H3/t10-/m1/s1",NEZONWMXZKDMKF-SNVBAGLBSA-N,Lithospermum erythrorhizon plant,Not in database,1,0,0,0,0,0,0,0,0,0,0,0,0,0,0,0,0,0,0,0,0,0,0,0,0,0,0,0,0,0,0,0,0,0,0,0,0,0,0,0,0,0,0,0,0,0,0,0,0,0,1,CNP0143722,10.3390/nu13113714
Silibinin,COc1cc(ccc1O)C2Oc3cc(ccc3OC2CO)C4Oc5cc(O)cc(O)c5C(=O)C4O,"InChI=1S/C25H22O10/c1-32-17-6-11(2-4-14(17)28)24-20(10-26)33-16-5-3-12(7-18(16)34-24)25-23(31)22(30)21-15(29)8-13(27)9-19(21)35-25/h2-9,20,23-29,31H,10H2,1H3/t20-,23+,24-,25-/m1/s1",SEBFKMXJBCUCAI-HKTJVKLFSA-N,Milk thistle plant,Not in database,0,0,0,0,0,0,0,0,1,1,0,0,0,0,0,0,0,0,0,0,0,0,0,0,0,0,0,0,0,0,0,0,0,0,0,0,0,0,0,0,0,0,0,0,0,0,0,0,0,0,2,CNP0375721,"10.3389/fgene.2021.758733,10.1002/ptr.7069"
Sodium Butyrate,[Na+].CCCC([O-])=O,"InChI=1S/C4H8O2.Na/c1-2-3-4(5)6;/h2-3H2,1H3,(H,5,6);/q;+1/p-1",MFBOGIVSZKQAPD-UHFFFAOYSA-M,"Butter, ghee, some fermented foods",Not in database,0,0,0,0,0,0,0,0,1,1,1,0,0,1,0,1,0,0,0,0,0,0,0,0,0,0,0,0,0,0,0,0,0,0,0,0,0,0,0,0,0,0,0,0,0,0,0,0,0,0,5,Not in database,"10.3389/fneur.2019.00663,10.1016/j.genrep.2018.06.012,10.2217/epi-2018-0081,10.3390/antiox11010035"
Solamargine,C[C@@H]1CC[C@@]2(NC1)O[C@H]3C[C@H]4[C@@H]5CC=C6C[C@H](CC[C@]6(C)[C@H]5CC[C@]4(C)[C@H]3[C@@H]2C)O[C@@H]7O[C@H](CO)[C@@H](O[C@@H]8O[C@@H](C)[C@H](O)[C@@H](O)[C@H]8O)[C@H](O)[C@H]7O[C@@H]9O[C@@H](C)[C@H](O)[C@@H](O)[C@H]9O,"InChI=1S/C45H73NO15/c1-19-9-14-45(46-17-19)20(2)30-28(61-45)16-27-25-8-7-23-15-24(10-12-43(23,5)26(25)11-13-44(27,30)6)57-42-39(60-41-36(53)34(51)32(49)22(4)56-41)37(54)38(29(18-47)58-42)59-40-35(52)33(50)31(48)21(3)55-40/h7,19-22,24-42,46-54H,8-18H2,1-6H3/t19-,20+,21+,22+,24+,25-,26+,27+,28+,29-,30+,31+,32+,33-,34-,35-,36-,37+,38-,39-,40+,41+,42-,43+,44+,45-/m1/s1",MBWUSSKCCUMJHO-ZGXDEBHDSA-N,"Plants of the Solanaceae family (eggplant, tomato, potato)",FDB002455,1,0,0,0,0,0,0,0,0,0,0,0,0,0,0,0,0,0,0,0,0,0,0,0,0,0,0,0,0,0,0,0,0,0,0,0,0,0,0,0,0,0,0,0,0,0,0,0,0,0,1,CNP0220721,10.3390/nu13113714
Squalene,CC(C)=CCC\C(C)=C\CC\C(C)=C\CC\C=C(/C)CC\C=C(/C)CCC=C(C)C,"InChI=1S/C30H50/c1-25(2)15-11-19-29(7)23-13-21-27(5)17-9-10-18-28(6)22-14-24-30(8)20-12-16-26(3)4/h15-18,23-24H,9-14,19-22H2,1-8H3/b27-17+,28-18+,29-23+,30-24+",YYGNTYWPHWGJRM-AAJYLUCBSA-N,"Shark liver oil, vegetable oils (olive oil, amaranth oil)",FDB015780,0,0,0,0,0,0,0,0,0,0,0,0,0,0,0,0,0,0,0,0,0,0,0,0,0,0,0,0,0,0,0,0,0,0,0,0,0,0,0,0,0,0,0,0,0,0,0,0,0,1,1,CNP0183709,10.3390/ijms23158233
Sucrose,OC[C@H]1O[C@H](O[C@]2(CO)O[C@H](CO)[C@@H](O)[C@@H]2O)[C@H](O)[C@@H](O)[C@@H]1O,"InChI=1S/C12H22O11/c13-1-4-6(16)8(18)9(19)11(21-4)23-12(3-15)10(20)7(17)5(2-14)22-12/h4-11,13-20H,1-3H2/t4-,5-,6-,7-,8+,9-,10+,11-,12+/m1/s1",CZMRCDWAGMRECN-UGDNZRGBSA-N,"Sugarcane, sugar beets, sweetened foods and beverages",FDB001131,0,0,0,0,0,0,0,0,0,0,0,0,0,1,0,0,0,0,0,0,0,0,0,0,0,0,0,0,0,0,0,0,0,0,0,0,0,0,0,0,0,0,0,0,0,0,0,0,0,0,1,CNP0208561,"10.1002/ddr.21796,10.3389/fonc.2019.01078,10.1016/j.tig.2017.03.008,10.1016/j.ynstr.2016.08.004,10.12997/jla.2022.11.1.20"
Sulforaphane (SFN),CS(=O)CCCCN=C=S,"InChI=1S/C6H11NOS2/c1-10(8)5-3-2-4-7-6-9/h2-5H2,1H3",SUVMJBTUFCVSAD-UHFFFAOYSA-N,"Cruciferous vegetables (broccoli, cabbage, cauliflower)",FDB012608,1,1,1,0,0,0,0,0,1,1,1,1,0,0,0,0,0,0,0,0,0,0,0,0,0,0,0,0,0,0,0,0,0,0,0,0,0,0,0,0,0,0,0,0,0,0,0,0,0,0,7,CNP0234477,10.3390/nu13113714
Tangeretin,COc1ccc(cc1)C2=CC(=O)c3c(OC)c(OC)c(OC)c(OC)c3O2,"InChI=1S/C20H20O7/c1-22-12-8-6-11(7-9-12)14-10-13(21)15-16(23-2)18(24-3)20(26-5)19(25-4)17(15)27-14/h6-10H,1-5H3",ULSUXBXHSYSGDT-UHFFFAOYSA-N,"Citrus fruits (tangerines, oranges)",FDB002412,0,0,1,0,0,0,0,0,1,1,0,1,1,0,0,0,1,0,0,0,0,0,0,0,0,0,0,0,0,0,0,0,0,0,0,0,0,0,0,0,0,0,0,0,0,0,0,0,0,0,6,CNP0390158,10.3389/fgene.2021.758733
Tanshinone IIA (TIIA),CC1=COC2=C1C(=O)C(=O)C3=C2C=CC4=C3CCCC4(C)C,"InChI=1S/C19H18O3/c1-10-9-22-18-12-6-7-13-11(5-4-8-19(13,2)3)15(12)17(21)16(20)14(10)18/h6-7,9H,4-5,8H2,1-3H3",HYXITZLLTYIPOF-UHFFFAOYSA-N,Salvia miltiorrhiza (a traditional Chinese medicinal herb),Not in database,1,1,1,0,0,0,0,0,0,0,0,0,0,0,0,0,0,0,0,0,0,0,0,0,0,0,0,0,0,0,0,0,0,0,0,0,0,0,0,0,0,0,0,0,0,0,0,0,0,0,3,CNP0158912,10.1007/s11356-021-15594-8
Tetrahydrocannabinol,CCCCCc1cc(O)c2C3CC(=CCC3C(C)(C)Oc2c1)C,"InChI=1S/C21H30O2/c1-5-6-7-8-15-12-18(22)20-16-11-14(2)9-10-17(16)21(3,4)23-19(20)13-15/h9,12-13,16-17,22H,5-8,10-11H2,1-4H3",HCAWPGARWVBULJ-UHFFFAOYSA-N,Cannabis (marijuana),FDB031310,0,0,0,0,0,0,0,0,0,0,0,0,0,0,0,0,0,0,0,0,0,0,0,0,0,0,0,0,0,0,0,0,0,0,0,0,0,0,0,0,0,0,0,0,0,0,0,0,0,1,1,CNP0192762,10.1016/j.banm.2020.04.004
Tetrahydrocurcumin,COC1CC(CC=C1O)\C=C\C(=O)CC(=O)\C=C\c2ccc(O)c(OC)c2,"InChI=1S/C21H24O6/c1-26-20-11-14(5-9-18(20)24)3-7-16(22)13-17(23)8-4-15-6-10-19(25)21(12-15)27-2/h3-5,7-11,15,21,24-25H,6,12-13H2,1-2H3/b7-3+,8-4+",CRCHRNHFHJDFAA-FCXRPNKRSA-N,Derived from curcumin (found in turmeric),FDB005352,1,0,0,0,0,0,0,0,0,0,0,0,0,0,0,0,0,0,0,0,0,0,0,0,0,0,0,0,0,0,0,0,0,0,0,0,0,0,0,0,0,0,0,0,0,0,0,0,0,0,1,Not in database,10.3390/molecules27165100
Theanine,CCNC(=O)CC[C@H](N)C(O)=O,"InChI=1S/C7H14N2O3/c1-2-9-6(10)4-3-5(8)7(11)12/h5H,2-4,8H2,1H3,(H,9,10)(H,11,12)/t5-/m0/s1",DATAGRPVKZEWHA-YFKPBYRVSA-N,"Tea leaves (green tea, matcha)",FDB012738,0,0,0,0,0,0,0,0,0,0,0,0,0,1,0,0,0,0,0,0,0,0,0,0,0,0,0,0,0,0,0,0,0,0,0,0,0,0,0,0,0,0,0,0,0,0,0,0,0,0,1,CNP0109625,10.4103/1995-7645.272482
Thiamine,[Cl-].Cc1ncc(C[n+]2csc(CCO)c2C)c(N)n1,"InChI=1S/C12H17N4OS.ClH/c1-8-11(3-4-17)18-7-16(8)6-10-5-14-9(2)15-12(10)13;/h5,7,17H,3-4,6H2,1-2H3,(H2,13,14,15);1H/q+1;/p-1",MYVIATVLJGTBFV-UHFFFAOYSA-M,"Whole grains, meat, fish, legumes, nuts",FDB008424,0,0,0,0,0,0,0,0,0,0,0,0,0,0,0,0,0,0,0,0,0,0,0,0,0,0,0,0,0,0,0,0,0,0,0,0,0,0,0,0,0,0,0,0,0,0,0,0,0,1,1,Not in database,10.1016/bs.afnr.2017.11.001
Thymoquinone,CC(C)C1=CC(=O)C(=CC1=O)C,"InChI=1S/C10H12O2/c1-6(2)8-5-9(11)7(3)4-10(8)12/h4-6H,1-3H3",KEQHJBNSCLWCAE-UHFFFAOYSA-N,Black cumin seed (Nigella sativa),FDB013274,1,1,1,0,0,0,0,0,1,0,0,1,0,0,0,0,1,0,0,0,0,0,0,0,0,0,0,0,1,0,0,0,0,0,0,0,0,0,0,0,0,0,0,0,0,0,0,0,0,0,7,CNP0156134,"10.3390/nu13113714,10.1016/j.biopha.2020.111157"
Trichostatin A,CC(\C=C(C)\C=C\C(=O)NO)C(=O)c1ccc(cc1)N(C)C,"InChI=1S/C17H22N2O3/c1-12(5-10-16(20)18-22)11-13(2)17(21)14-6-8-15(9-7-14)19(3)4/h5-11,13,22H,1-4H3,(H,18,20)/b10-5+,12-11+",RTKIYFITIVXBLE-WKWSCTOISA-N,Fungi,Not in database,0,0,0,0,0,0,0,0,1,1,1,1,1,1,1,1,1,1,1,1,0,0,0,0,0,0,0,0,0,0,0,0,0,0,0,0,0,0,0,0,0,0,0,0,0,0,0,0,0,0,12,CNP0213302,"10.15302/J-FASE-2018228,10.4103/ijmr.IJMR_2096_17"
Ubiquinol,COc1c(O)c(C)c(C\C=C(C)\CCC=C(C)C)c(O)c1OC,"InChI=1S/C19H28O4/c1-12(2)8-7-9-13(3)10-11-15-14(4)16(20)18(22-5)19(23-6)17(15)21/h8,10,20-21H,7,9,11H2,1-6H3/b13-10+",RNUCUWWMTTWKAH-JLHYYAGUSA-N,"Meat, fish, whole grains",FDB022543,0,0,0,0,0,0,0,0,0,0,0,0,0,0,0,0,0,0,0,0,0,0,0,0,0,0,0,0,0,0,0,0,0,0,0,0,0,0,0,0,0,0,0,0,0,0,0,0,0,1,1,CNP0017810,10.1016/j.arr.2017.09.006
Ursolic Acid,C[C@@H]1CC[C@@]2(CC[C@]3(C)C(=CC[C@@H]4[C@@]5(C)CC[C@H](O)C(C)(C)[C@@H]5CC[C@@]34C)[C@@H]2[C@H]1C)C(O)=O,"InChI=1S/C30H48O3/c1-18-10-15-30(25(32)33)17-16-28(6)20(24(30)19(18)2)8-9-22-27(5)13-12-23(31)26(3,4)21(27)11-14-29(22,28)7/h8,18-19,21-24,31H,9-17H2,1-7H3,(H,32,33)/t18-,19+,21+,22-,23+,24+,27+,28-,29-,30+/m1/s1",WCGUUGGRBIKTOS-GPOJBZKASA-N,"Apples, cranberries, rosemary, holy basil",FDB014373,1,1,0,0,0,0,0,0,1,1,1,0,0,1,1,1,0,0,0,0,0,0,0,0,0,0,0,0,0,0,0,0,0,0,0,0,0,0,0,0,0,0,0,0,0,0,0,0,0,0,8,CNP0250330,"10.3390/nu13113714,10.3390/antiox10121859,10.3390/antiox9090865"
Vincristine,CC[C@]1(O)C[C@H]2CN(CCc3c([nH]c4ccccc34)[C@@](C2)(C(=O)OC)c5cc6c(cc5OC)N(C=O)[C@H]7[C@](O)([C@H](OC(C)=O)[C@]8(CC)C=CCN9CC[C@]67[C@H]89)C(=O)OC)C1,"InChI=1S/C46H56N4O10/c1-7-42(55)22-28-23-45(40(53)58-5,36-30(14-18-48(24-28)25-42)29-12-9-10-13-33(29)47-36)32-20-31-34(21-35(32)57-4)50(26-51)38-44(31)16-19-49-17-11-15-43(8-2,37(44)49)39(60-27(3)52)46(38,56)41(54)59-6/h9-13,15,20-21,26,28,37-39,47,55-56H,7-8,14,16-19,22-25H2,1-6H3/t28-,37+,38-,39-,42+,43-,44-,45+,46+/m1/s1",OGWKCGZFUXNPDA-XQKSVPLYSA-N,Vinca alkaloid found in Vinca rosea (periwinkle),Not in database,0,0,0,0,0,0,0,0,0,0,0,0,0,0,0,0,0,0,0,0,0,0,0,0,0,0,0,0,0,0,0,0,0,0,0,0,0,0,0,0,0,0,0,0,0,0,0,0,1,0,1,CNP0117742,"10.3390/nu13113714,10.1002/ptr.7069"
Vitamin B,NC(=O)c1cccnc1,"InChI=1S/C6H6N2O/c7-6(9)5-2-1-3-8-4-5/h1-4H,(H2,7,9)",DFPAKSUCGFBDDF-UHFFFAOYSA-N,"Various foods (meat, poultry, fish, dairy products, whole grains, legumes, leafy greens)",Not in database,0,0,0,0,0,0,0,0,0,0,0,0,0,0,0,0,0,0,0,0,0,0,0,0,0,0,0,0,0,0,0,0,0,0,0,0,0,0,0,0,0,0,0,0,0,0,0,0,0,1,1,CNP0150794,10.3390/medicina58010016
Vitamin B-12,C[C@@H]1CNC(=O)CC[C@]2(C)[C@@H](CC(N)=O)[C@H]3N4[Co+]|5|6(|n7cn([C@H]8O[C@H](CO)[C@@H](O[P]([O-])(=O)O1)[C@H]8O)c9cc(C)c(C)cc79)(|N%10=C(C=C%11N|5=C([C@@H](CCC(N)=O)C%11(C)C)C(=C24)C)[C@@H](CCC(N)=O)[C@](C)(CC(N)=O)C%10=C(C)C%12=N|6[C@]3(C)[C@@](C)(CC(N)=O)[C@@H]%12CCC(N)=O)C#N,,,"Animal-based foods (meat, poultry, fish, dairy products, eggs)",Not in database,0,0,0,0,0,0,0,0,0,0,0,0,0,0,0,0,0,0,0,0,0,0,0,0,0,0,0,0,0,0,0,0,0,0,0,0,0,0,0,0,0,0,0,0,0,0,0,0,0,1,1,Not in database,"10.1007/s40572-019-0226-3,10.3168/jds.2019-17319,10.1002/mnfr.201900377,10.3390/ijms20020319"
Vitamin C,OC[C@H](O)[C@H]1OC(=O)C(=C1O)O,"InChI=1S/C6H8O6/c7-1-2(8)5-3(9)4(10)6(11)12-5/h2,5,7-10H,1H2/t2-,5+/m0/s1",CIWBSHSKHKDKBQ-JLAZNSOCSA-N,"Fruits (citrus fruits, strawberries, kiwi), vegetables (bell peppers, leafy greens)",Not in database,0,0,0,0,0,0,0,0,0,0,0,0,0,0,0,0,0,0,0,0,0,0,0,0,0,0,0,0,0,0,0,0,0,0,0,0,0,0,0,0,0,0,0,0,0,0,0,0,0,1,1,CNP0367758,"10.2174/1574888X16666210714152730,10.3390/ijms23031208,10.3389/fgene.2021.675780,10.3389/fimmu.2021.765906,10.1002/JLB.1MR1219-245R,10.3389/fpls.2018.02006,10.2174/1568026619666191202155738,10.1155/2017/8936156,10.1097/BOR.0000000000000393,10.1016/j.freeradbiomed.2021.03.017,10.5604/01.3001.0010.3853,10.32607/actanaturae.11060,10.1021/acs.chemrestox.0c00348,10.5604/01.3001.0013.6926,10.3390/antiox8110519,10.2174/1871530319666190529101816,10.1016/j.semcancer.2017.11.001,10.1080/10408398.2020.1712674,10.3390/nu9090962,10.3390/nu12092738,10.1016/j.ijdevneu.2018.09.001"
Vitamin D,CC(C)C(C)\C=C\C(C)C1CCC2C(/CCCC12C)=C/C=C3\CC(O)CCC3=C,"InChI=1S/C28H44O/c1-19(2)20(3)9-10-22(5)26-15-16-27-23(8-7-17-28(26,27)6)12-13-24-18-25(29)14-11-21(24)4/h9-10,12-13,19-20,22,25-27,29H,4,7-8,11,14-18H2,1-3,5-6H3/b10-9+,23-12+,24-13+",MECHNRXZTMCUDQ-ZJGOHBTISA-N,"Fatty fish, egg yolks, sunlight exposure, fortified dairy products",FDB021586,0,0,0,0,0,0,0,0,0,0,0,0,0,0,0,0,0,0,0,0,0,0,0,0,0,0,0,0,0,0,0,0,0,0,0,0,0,0,0,0,0,0,0,0,0,0,0,0,0,1,1,CNP0343062,"10.3390/nu14204286,10.3389/fendo.2022.992666,10.4329/wjr.v14.i6.114,10.2174/1389200223666220627104139,10.3390/children8030177,10.1177/1759720X211006979,10.3390/app10061973,10.3390/ijms21239296,10.3390/biomedicines8030046,10.1002/mnfr.202000437,10.3390/ijms20194907,10.1530/JOE-18-0541,10.1097/MNH.0000000000000508,10.3389/fgene.2019.00455,10.1038/s12276-018-0038-9,10.1111/jcmm.13607,10.2174/0929867324666171107103114,10.1111/eci.12899,10.1159/000455914,10.33549/physiolres.933720,10.2174/0929867324666161117155325,10.1016/j.jsbmb.2016.11.020,10.1093/nutrit/nuw056,10.1152/physiolgenomics.00060.2017,10.1016/j.aller.2017.01.003,10.3389/fimmu.2017.00336,10.1007/978-981-15-3449-2_12,10.1177/2055217317727295,10.3390/ijms232012292,10.1093/ofid/ofab064,10.1113/JP274887,10.3897/folmed.62.e50204.,10.3390/nu15030767,10.1002/nau.23725,10.3390/nu15030533,10.3389/fnut.2022.992986,10.1039/d2fo00822j,10.23736/S2724-5276.20.06166-6,10.1007/s00011-020-01425-y,10.1002/biof.1728,10.3390/nu12103118,10.33588/rn.7010.2020121,10.3389/fnut.2020.558598,10.3390/cancers12102965,10.1007/s42000-020-00197-8,10.2174/1871530319666190529101816,10.1093/nutrit/nuy034,10.1038/nrneurol.2016.187,10.1556/650.2017.30855,10.1016/j.encep.2016.07.007,10.1080/10408398.2020.1712674,10.1016/j.lfs.2021.120191,10.3390/nu13124345,10.3390/nu9090962,10.3390/nu12051355,10.1007/978-981-10-5526-3_2,10.1007/s13668-022-00402-7,10.3390/nu12092738,10.20960/nh.02810,10.2174/1872312814999211130093625,10.1615/CritRevEukaryotGeneExpr.2021037995"
Vitamin D3,CC(C)CCC[C@@H](C)[C@H]1CC[C@H]2\C(CCC[C@]12C)=C\C=C3/C[C@@H](O)CCC3=C,"InChI=1S/C27H44O/c1-19(2)8-6-9-21(4)25-15-16-26-22(10-7-17-27(25,26)5)12-13-23-18-24(28)14-11-20(23)3/h12-13,19,21,24-26,28H,3,6-11,14-18H2,1-2,4-5H3/b22-12+,23-13-/t21-,24+,25-,26+,27-/m1/s1",QYSXJUFSXHHAJI-YRZJJWOYSA-N,"Fatty fish, fortified dairy products, sunlight exposure",FDB012732,0,0,0,0,0,0,0,0,0,0,0,0,0,0,0,0,0,0,0,0,0,0,0,0,0,0,0,0,0,0,0,0,0,0,0,0,0,0,0,0,0,0,0,0,0,0,1,0,0,0,1,CNP0338526,"10.1007/s11356-021-15594-8,10.2217/epi-2018-0081,10.1016/j.arr.2017.09.006"
Vitamin E,CC(C)CCC[C@@H](C)CCC[C@@H](C)CCC[C@]1(C)CCc2c(C)c(O)c(C)c(C)c2O1,"InChI=1S/C29H50O2/c1-20(2)12-9-13-21(3)14-10-15-22(4)16-11-18-29(8)19-17-26-25(7)27(30)23(5)24(6)28(26)31-29/h20-22,30H,9-19H2,1-8H3/t21-,22-,29-/m1/s1",GVJHHUAWPYXKBD-IEOSBIPESA-N,"Nuts, seeds, vegetable oils (sunflower oil, olive oil)",FDB000565,1,0,0,0,0,0,0,0,0,0,0,0,0,0,0,0,0,0,0,0,0,0,0,0,0,0,0,0,0,0,0,0,0,0,0,0,0,0,0,0,0,0,0,0,0,0,0,0,0,0,1,Not in database,"10.1007/s11356-021-15594-8,10.1002/biof.1728,10.3390/nu14102150,10.3390/nu10121919,10.2174/1871530319666190529101816,10.3390/nu9090962,10.2174/1872312814999211130093625,10.1016/j.ijdevneu.2018.09.001"
Withaferin A  (WA),CC1=C(C(=O)OC(C1)C(C)C2CCC3C2(CCC4C3CC5C6(C4(C(=O)C=CC6O)C)O5)C)CO,"InChI=1S/C28H38O6/c1-14-11-21(33-25(32)17(14)13-29)15(2)18-5-6-19-16-12-24-28(34-24)23(31)8-7-22(30)27(28,4)20(16)9-10-26(18,19)3/h7-8,15-16,18-21,23-24,29,31H,5-6,9-13H2,1-4H3/t15-,16-,18+,19-,20-,21+,23-,24+,26+,27-,28+/m0/s1",DBRXOUCRJQVYJQ-CKNDUULBSA-N,Ashwagandha plant,Not in database,1,1,1,0,0,0,0,0,1,0,0,0,0,0,0,0,0,0,0,0,0,0,0,0,0,0,0,0,0,0,0,0,0,0,0,0,0,0,0,0,0,0,0,0,0,0,0,0,0,0,4,CNP0288148,10.1007/s11356-021-15594-8
Wogonoside,COc1c(O[C@@H]2O[C@@H]([C@@H](O)[C@H](O)[C@H]2O)C(O)=O)cc(O)c3C(=O)C=C(Oc13)c4ccccc4,"InChI=1S/C22H20O11/c1-30-18-13(32-22-17(27)15(25)16(26)20(33-22)21(28)29)8-11(24)14-10(23)7-12(31-19(14)18)9-5-3-2-4-6-9/h2-8,15-17,20,22,24-27H,1H3,(H,28,29)/t15-,16-,17+,20-,22+/m0/s1",LNOHXHDWGCMVCO-NTKSAMNMSA-N,Scutellaria baicalensis (Chinese skullcap),Not in database,0,0,0,0,0,0,0,0,0,0,0,0,0,0,0,0,0,0,0,0,0,0,0,0,0,0,1,0,0,0,0,0,0,0,0,0,0,0,0,0,0,0,0,0,0,0,0,0,0,0,1,CNP0228690,10.1016/j.apsb.2020.06.007
,,,,,,,,,,,,,,,,,,,,,,,,,,,,,,,,,,,,,,,,,,,,,,,,,,,,,,,,,,
Xanthohumol,COc1cc(O)c(CC=C(C)C)c(O)c1C(=O)\C=C\c2ccc(O)cc2,"InChI=1S/C21H22O5/c1-13(2)4-10-16-18(24)12-19(26-3)20(21(16)25)17(23)11-7-14-5-8-15(22)9-6-14/h4-9,11-12,22,24-25H,10H2,1-3H3/b11-7+",ORXQGKIUCDPEAJ-YRNVUSSQSA-N,Hops (used in beer production),FDB016545,0,0,0,0,0,0,0,0,0,0,0,0,0,0,0,0,0,0,0,0,0,0,0,0,0,0,0,0,0,0,0,0,0,0,0,0,0,0,0,0,0,0,0,0,0,0,0,1,0,0,1,CNP0257129,10.3390/ijms20184567
Z-ligustilide,CCCC=C1C2=C(C=CCC2)C(=O)O1,"InChI=1S/C12H14O2/c1-2-3-8-11-9-6-4-5-7-10(9)12(13)14-11/h5,7-8H,2-4,6H2,1H3/b11-8-",IQVQXVFMNOFTMU-FLIBITNWSA-N,Dong quai plant,FDB012613,0,0,0,0,0,0,0,0,0,0,0,0,0,0,0,0,0,0,0,0,0,0,0,0,0,0,0,0,0,0,0,0,0,0,0,0,0,0,0,0,0,0,0,0,0,0,0,1,0,0,1,CNP0275748,10.3390/nu13113714
Zerumbone,C\C1=C/CC(C)(C)\C=C\C(=O)C(=C/CC1)/C,"InChI=1S/C15H22O/c1-12-6-5-7-13(2)14(16)9-11-15(3,4)10-8-12/h7-9,11H,5-6,10H2,1-4H3/b11-9+,12-8+,13-7+",GIHNTRQPEMKFKO-SKTNYSRSSA-N,Zingiber zerumbet (a type of ginger),FDB015595,0,0,0,0,0,0,0,0,0,0,0,0,0,0,0,0,0,0,0,0,0,0,0,0,0,0,0,0,0,0,0,0,0,0,0,0,0,0,0,0,0,0,0,0,0,0,0,1,0,0,1,CNP0275748,10.1002/tcr.201800133